game,current_level,accuracy,response_time_sec,mistakes,timeouts,previous_accuracy,previous_response_time_sec,accuracy_change,consecutive_failures,sessions_last_7_days,target_action,target_action_id,target_level_delta
Memory Association,2,62.5,6.9,6,1,79.18,6.67,-16.68,0,2,EASIER,0,-1
Sequence,2,73.4,5.12,1,0,54.83,5.64,18.57,0,3,SAME,1,0
N-Back,1,56.9,3.15,4,0,84.64,3.21,-27.74,0,3,SAME,1,0
N-Back,2,47.86,5.5,7,0,73.14,4.34,-25.28,1,3,EASIER,0,-1
N-Back,1,90.95,5.12,1,0,67.72,4.56,23.23,0,2,HARDER,2,1
Memory Association,2,64.44,7.79,7,2,68.78,8.58,-4.34,2,2,EASIER,0,-1
N-Back,2,29.98,3.96,9,0,71.44,4.51,-41.46,1,2,EASIER,0,-1
Connect Cards,3,71.75,6.86,3,0,66.16,6.52,5.59,0,4,SAME,1,0
Face Recognition,3,57.76,3.85,4,0,99.29,4.72,-41.53,0,3,EASIER,0,-1
N-Back,3,84.64,4.35,1,0,66.36,5.14,18.28,0,1,HARDER,2,1
Connect Cards,3,88.02,5.15,0,0,77.87,5.33,10.15,0,0,HARDER,2,1
Connect Cards,2,97.77,6.71,1,0,71.05,5.68,26.72,0,4,HARDER,2,1
Sequence,2,90.79,3.93,1,0,88.21,4.54,2.58,0,4,HARDER,2,1
Connect Cards,2,79.13,7.03,3,0,70.15,5.99,8.98,0,3,SAME,1,0
Memory Association,1,58.16,6.03,6,0,74.78,5.98,-16.62,0,4,SAME,1,0
Memory Association,1,84.27,5.99,2,0,62.97,6.06,21.3,0,4,HARDER,2,1
N-Back,2,41.73,4.11,8,0,41.73,4.11,0.0,1,0,EASIER,0,-1
Sequence,2,49.77,6.93,6,0,93.01,5.19,-43.24,1,2,EASIER,0,-1
Connect Cards,3,81.24,4.55,0,0,82.89,4.75,-1.65,0,4,SAME,1,0
N-Back,1,89.31,3.93,1,0,66.8,4.02,22.51,0,4,HARDER,2,1
Sequence,2,41.09,8.14,4,1,64.32,6.63,-23.23,1,2,EASIER,0,-1
Connect Cards,2,89.55,5.31,1,0,74.14,5.75,15.41,0,0,HARDER,2,1
Memory Association,4,82.01,7.35,2,2,87.32,6.1,-5.31,1,3,SAME,1,0
Connect Cards,1,81.57,5.76,1,0,70.6,5.23,10.97,0,5,SAME,1,0
Sequence,2,66.35,5.55,3,0,74.87,5.04,-8.52,0,0,SAME,1,0
N-Back,3,51.82,3.3,6,0,74.23,3.55,-22.41,0,3,EASIER,0,-1
N-Back,2,57.68,3.66,6,0,79.44,4.38,-21.76,0,1,EASIER,0,-1
Memory Association,2,67.36,9.79,4,3,87.37,9.09,-20.01,1,6,EASIER,0,-1
Memory Association,2,91.95,6.01,1,0,73.45,7.51,18.5,0,5,HARDER,2,1
N-Back,2,53.99,4.25,5,0,65.43,3.47,-11.44,0,2,EASIER,0,-1
Memory Association,1,98.74,7.37,0,1,62.8,8.33,35.94,0,4,HARDER,2,1
N-Back,1,78.0,3.94,3,0,48.31,5.65,29.69,0,4,SAME,1,0
Memory Association,3,88.99,5.6,1,0,77.1,6.61,11.89,0,2,SAME,1,0
Sequence,2,62.85,4.62,5,0,66.3,5.04,-3.45,0,1,SAME,1,0
Sequence,3,55.88,4.37,6,0,76.01,5.01,-20.13,0,2,EASIER,0,-1
Face Recognition,4,74.03,4.68,3,0,73.31,4.54,0.72,0,5,SAME,1,0
Face Recognition,2,44.04,4.32,4,0,81.8,4.74,-37.76,1,4,EASIER,0,-1
Memory Association,3,67.42,9.77,4,1,67.18,9.6,0.24,0,1,SAME,1,0
Connect Cards,1,58.23,6.11,5,0,72.07,5.56,-13.84,0,5,SAME,1,0
Sequence,1,75.63,5.27,2,0,79.69,4.87,-4.06,0,4,SAME,1,0
Connect Cards,2,90.01,7.26,1,1,74.68,5.92,15.33,0,4,SAME,1,0
Memory Association,2,64.53,7.59,2,1,94.02,5.43,-29.49,0,2,EASIER,0,-1
Sequence,2,42.2,8.19,6,1,55.17,5.98,-12.97,1,2,EASIER,0,-1
N-Back,1,92.17,4.9,1,0,66.43,5.12,25.74,0,3,HARDER,2,1
Sequence,1,92.73,6.16,2,0,77.29,5.07,15.44,0,5,HARDER,2,1
Memory Association,1,96.85,4.67,0,0,90.3,5.92,6.55,0,0,HARDER,2,1
Sequence,2,60.73,5.82,3,0,45.67,6.73,15.06,0,9,SAME,1,0
Sequence,2,34.01,7.33,6,1,83.81,5.57,-49.8,1,3,EASIER,0,-1
Memory Association,2,62.12,7.92,5,2,87.17,8.37,-25.05,1,3,EASIER,0,-1
Memory Association,1,97.48,8.66,0,1,72.51,8.29,24.97,0,2,HARDER,2,1
N-Back,4,66.84,4.01,4,0,93.21,2.86,-26.37,0,8,EASIER,0,-1
N-Back,3,71.08,4.35,4,0,75.97,4.48,-4.89,0,2,SAME,1,0
Sequence,1,46.97,6.98,3,1,45.42,6.66,1.55,2,0,SAME,1,0
N-Back,3,67.55,4.11,6,0,90.94,3.23,-23.39,0,5,EASIER,0,-1
Sequence,1,64.27,5.26,4,1,38.74,5.73,25.53,0,2,SAME,1,0
Memory Association,2,96.62,8.27,0,1,75.01,8.22,21.61,0,2,HARDER,2,1
Sequence,2,49.71,7.74,8,0,49.71,7.74,0.0,1,0,EASIER,0,-1
Memory Association,2,82.49,6.54,3,0,47.3,9.03,35.19,0,3,HARDER,2,1
Face Recognition,2,95.87,4.63,1,0,95.87,4.63,0.0,0,0,HARDER,2,1
Connect Cards,2,95.47,5.79,0,0,90.83,5.31,4.64,0,5,HARDER,2,1
N-Back,3,92.7,3.38,0,0,86.73,3.82,5.97,0,3,HARDER,2,1
Memory Association,2,57.91,9.29,2,3,84.0,8.36,-26.09,1,1,EASIER,0,-1
Face Recognition,2,68.49,4.53,4,0,82.01,4.89,-13.52,0,2,SAME,1,0
N-Back,2,61.71,4.78,5,0,83.56,4.64,-21.85,0,0,EASIER,0,-1
Memory Association,1,91.01,5.64,0,0,86.92,6.15,4.09,0,1,HARDER,2,1
Memory Association,2,49.23,7.61,7,0,76.02,7.02,-26.79,1,5,EASIER,0,-1
N-Back,1,98.75,2.92,0,0,75.84,3.0,22.91,0,4,HARDER,2,1
Connect Cards,2,56.94,7.17,4,0,62.23,6.24,-5.29,0,5,SAME,1,0
Connect Cards,1,81.66,6.11,3,0,86.42,5.3,-4.76,0,2,SAME,1,0
Memory Association,2,46.84,6.96,4,0,70.38,7.41,-23.54,1,1,EASIER,0,-1
Memory Association,1,88.19,7.94,1,0,64.45,8.54,23.74,0,3,HARDER,2,1
Face Recognition,1,93.52,5.65,2,0,79.64,4.4,13.88,0,5,HARDER,2,1
Face Recognition,3,52.72,5.97,4,0,71.49,5.83,-18.77,0,3,SAME,1,0
Memory Association,2,80.49,6.89,3,0,67.88,6.84,12.61,0,2,SAME,1,0
Face Recognition,2,49.39,6.39,8,1,84.14,4.95,-34.75,1,1,EASIER,0,-1
Face Recognition,2,86.97,5.12,0,0,70.79,4.9,16.18,0,7,HARDER,2,1
Sequence,2,61.58,4.41,5,0,55.25,4.83,6.33,0,4,SAME,1,0
Memory Association,1,86.94,6.68,1,0,70.99,7.75,15.95,0,6,HARDER,2,1
Connect Cards,1,60.67,4.78,6,0,53.42,6.11,7.25,0,1,SAME,1,0
Connect Cards,2,86.51,5.24,2,0,68.48,6.2,18.03,0,3,HARDER,2,1
Memory Association,2,100.0,6.34,0,0,79.48,5.77,20.52,0,2,HARDER,2,1
Memory Association,2,33.12,7.21,9,1,41.19,9.18,-8.07,2,2,EASIER,0,-1
N-Back,1,63.22,3.68,3,0,60.66,3.52,2.56,0,4,SAME,1,0
Connect Cards,3,81.57,5.75,2,0,65.29,5.74,16.28,0,4,SAME,1,0
Face Recognition,2,60.83,5.68,5,0,75.23,4.69,-14.4,0,2,EASIER,0,-1
N-Back,1,79.28,3.21,3,0,70.42,3.71,8.86,0,2,SAME,1,0
Face Recognition,2,48.71,4.98,4,0,59.99,4.59,-11.28,1,4,EASIER,0,-1
Face Recognition,1,65.6,4.57,6,0,51.09,4.3,14.51,0,6,SAME,1,0
Face Recognition,1,89.03,4.21,0,0,69.42,4.73,19.61,0,4,HARDER,2,1
Memory Association,2,57.19,7.68,6,1,77.14,8.12,-19.95,0,2,EASIER,0,-1
Connect Cards,3,61.98,5.51,7,1,62.3,5.93,-0.32,0,1,SAME,1,0
Face Recognition,1,51.96,4.95,7,0,76.56,4.16,-24.6,0,4,SAME,1,0
Connect Cards,1,83.45,4.73,4,0,56.91,5.45,26.54,0,4,HARDER,2,1
Sequence,2,64.77,4.88,5,0,72.58,4.98,-7.81,0,2,SAME,1,0
Memory Association,4,91.83,8.97,1,0,79.06,8.8,12.77,0,7,HARDER,2,1
Face Recognition,2,50.19,5.53,5,0,73.32,5.25,-23.13,0,3,EASIER,0,-1
Sequence,2,46.48,5.54,3,0,80.31,5.85,-33.83,1,1,EASIER,0,-1
Memory Association,1,78.83,8.08,1,1,61.25,6.7,17.58,0,2,SAME,1,0
N-Back,3,97.99,5.04,0,0,89.68,4.87,8.31,0,3,HARDER,2,1
Memory Association,1,82.17,7.66,2,0,74.06,6.8,8.11,0,5,SAME,1,0
Memory Association,1,71.27,7.09,1,0,68.33,8.54,2.94,0,3,SAME,1,0
Face Recognition,1,69.19,3.73,4,0,85.16,3.65,-15.97,0,6,SAME,1,0
Face Recognition,1,86.49,4.92,0,0,67.29,5.53,19.2,0,1,HARDER,2,1
Face Recognition,3,72.41,6.18,3,1,83.29,4.76,-10.88,0,2,SAME,1,0
Sequence,2,48.54,7.24,4,0,58.4,5.14,-9.86,1,2,EASIER,0,-1
Memory Association,3,49.61,9.08,5,1,49.61,9.08,0.0,1,0,EASIER,0,-1
Memory Association,2,81.62,7.02,2,0,67.92,7.0,13.7,0,1,SAME,1,0
Connect Cards,1,85.71,5.31,3,0,48.6,6.85,37.11,0,3,HARDER,2,1
Face Recognition,3,77.18,3.91,3,0,53.72,5.26,23.46,0,1,SAME,1,0
Face Recognition,1,62.54,5.02,4,0,56.62,5.21,5.92,0,5,SAME,1,0
Face Recognition,2,47.05,6.0,5,0,69.53,4.83,-22.48,1,5,EASIER,0,-1
Memory Association,3,56.85,10.06,6,1,67.18,9.48,-10.33,0,2,EASIER,0,-1
N-Back,3,81.69,3.34,2,0,78.09,4.04,3.6,0,2,SAME,1,0
Connect Cards,2,49.35,6.36,5,0,81.37,4.65,-32.02,1,2,EASIER,0,-1
Connect Cards,3,60.53,6.31,6,0,81.57,5.75,-21.04,0,4,EASIER,0,-1
N-Back,2,71.86,4.23,3,0,65.79,5.16,6.07,0,3,SAME,1,0
Face Recognition,2,90.62,3.35,2,0,81.39,4.07,9.23,0,0,HARDER,2,1
Memory Association,1,61.07,5.67,5,0,61.06,5.54,0.01,0,1,SAME,1,0
Face Recognition,2,74.2,4.76,4,0,65.5,4.73,8.7,0,2,SAME,1,0
Memory Association,3,47.64,8.72,6,1,63.73,7.11,-16.09,1,4,EASIER,0,-1
Face Recognition,1,72.69,5.85,4,1,72.98,5.72,-0.29,0,2,SAME,1,0
Sequence,1,82.84,3.88,2,0,81.03,4.94,1.81,0,2,SAME,1,0
N-Back,3,64.67,4.13,3,0,64.67,4.13,0.0,0,0,SAME,1,0
Sequence,3,42.66,7.03,6,0,65.57,5.44,-22.91,1,3,EASIER,0,-1
Connect Cards,3,80.17,5.28,2,0,78.09,4.06,2.08,0,3,SAME,1,0
Face Recognition,2,67.94,4.44,3,0,70.18,4.1,-2.24,0,4,SAME,1,0
Connect Cards,2,88.9,7.02,1,1,85.44,7.66,3.46,0,6,SAME,1,0
Face Recognition,2,76.51,4.56,4,0,69.97,3.82,6.54,0,4,SAME,1,0
Memory Association,2,85.84,8.17,2,0,62.81,9.12,23.03,0,1,HARDER,2,1
Connect Cards,1,72.65,6.01,4,0,86.82,7.24,-14.17,0,0,SAME,1,0
Connect Cards,1,90.14,4.57,0,0,86.38,5.43,3.76,0,1,HARDER,2,1
Face Recognition,3,82.49,3.91,3,0,93.98,3.43,-11.49,0,3,SAME,1,0
Connect Cards,2,54.45,5.09,5,0,77.63,4.99,-23.18,0,1,EASIER,0,-1
N-Back,2,60.61,3.32,3,0,60.61,3.32,0.0,0,0,SAME,1,0
Memory Association,1,83.57,7.79,1,0,66.91,8.62,16.66,0,2,HARDER,2,1
N-Back,2,86.25,5.24,1,0,93.0,4.83,-6.75,0,3,SAME,1,0
Connect Cards,3,85.46,5.41,3,0,64.83,5.18,20.63,0,1,SAME,1,0
Memory Association,2,68.78,7.55,4,1,90.73,7.02,-21.95,0,3,EASIER,0,-1
N-Back,1,100.0,3.88,0,0,64.96,3.29,35.04,0,4,HARDER,2,1
Connect Cards,1,56.11,5.34,7,0,60.65,4.93,-4.54,0,3,SAME,1,0
Memory Association,1,73.67,6.73,1,0,67.62,6.75,6.05,0,2,SAME,1,0
Face Recognition,3,34.24,5.89,7,0,34.24,5.89,0.0,1,0,EASIER,0,-1
Connect Cards,2,49.34,6.78,3,0,73.6,4.72,-24.26,1,4,EASIER,0,-1
Memory Association,3,58.68,8.41,7,1,87.38,6.75,-28.7,0,4,EASIER,0,-1
Sequence,2,45.52,7.01,6,0,45.52,7.01,0.0,1,0,EASIER,0,-1
Face Recognition,2,93.17,4.52,0,0,81.12,4.18,12.05,0,6,HARDER,2,1
Face Recognition,3,86.05,3.85,2,0,80.79,3.85,5.26,0,3,SAME,1,0
Connect Cards,2,81.9,5.9,2,0,63.56,7.56,18.34,0,2,HARDER,2,1
Memory Association,1,95.57,6.38,1,1,48.19,6.26,47.38,0,5,HARDER,2,1
Sequence,2,64.87,5.4,4,0,76.95,4.94,-12.08,0,2,SAME,1,0
Connect Cards,1,82.61,4.31,2,0,43.61,5.82,39.0,0,5,HARDER,2,1
Sequence,2,96.06,4.9,0,0,55.43,4.35,40.63,0,4,HARDER,2,1
Connect Cards,1,69.82,6.06,3,0,60.85,5.2,8.97,0,3,SAME,1,0
Sequence,3,75.51,5.74,4,0,64.52,4.59,10.99,0,6,SAME,1,0
N-Back,2,81.25,3.5,3,0,88.11,3.97,-6.86,0,2,SAME,1,0
N-Back,2,64.36,4.75,4,0,51.35,3.88,13.01,0,1,SAME,1,0
Memory Association,2,34.67,7.81,8,1,71.15,7.44,-36.48,1,3,EASIER,0,-1
Face Recognition,1,66.35,4.67,4,0,62.5,4.87,3.85,0,3,SAME,1,0
N-Back,5,56.17,5.4,8,1,79.79,5.59,-23.62,0,4,EASIER,0,-1
N-Back,2,57.56,4.66,4,0,79.14,3.55,-21.58,0,3,EASIER,0,-1
Memory Association,2,40.7,8.22,11,2,94.46,6.6,-53.76,1,3,EASIER,0,-1
Memory Association,2,56.02,7.71,3,1,78.18,8.68,-22.16,0,2,EASIER,0,-1
N-Back,3,85.44,2.96,3,0,86.6,3.83,-1.16,0,7,SAME,1,0
Face Recognition,2,36.74,5.25,9,0,77.74,4.61,-41.0,1,3,EASIER,0,-1
Sequence,1,83.55,4.54,2,0,60.19,5.12,23.36,0,5,HARDER,2,1
N-Back,2,63.57,3.25,5,0,93.26,3.65,-29.69,0,2,EASIER,0,-1
Memory Association,2,57.06,7.52,5,1,80.12,6.61,-23.06,0,4,EASIER,0,-1
Memory Association,2,95.64,6.55,0,1,72.47,6.11,23.17,0,2,HARDER,2,1
Memory Association,1,81.26,6.96,4,0,67.36,9.79,13.9,0,6,SAME,1,0
Face Recognition,3,61.94,6.26,5,0,66.87,6.32,-4.93,0,3,SAME,1,0
Face Recognition,3,95.27,6.41,0,0,72.7,5.89,22.57,0,8,HARDER,2,1
Memory Association,2,59.35,6.81,5,1,80.86,5.43,-21.51,0,3,EASIER,0,-1
Face Recognition,2,52.8,4.5,5,0,74.67,4.96,-21.87,0,3,EASIER,0,-1
Face Recognition,2,48.04,5.07,8,0,71.64,4.68,-23.6,1,5,EASIER,0,-1
Sequence,2,84.05,5.38,3,0,59.41,6.76,24.64,0,3,HARDER,2,1
Sequence,1,92.62,4.8,1,0,61.68,4.26,30.94,0,2,HARDER,2,1
Memory Association,2,52.76,7.51,7,0,84.04,7.89,-31.28,0,2,EASIER,0,-1
Face Recognition,2,44.66,6.71,8,0,58.63,4.78,-13.97,1,3,EASIER,0,-1
N-Back,1,82.28,3.09,1,0,53.75,4.13,28.53,0,0,HARDER,2,1
Connect Cards,2,63.11,4.43,5,0,85.49,5.07,-22.38,0,3,EASIER,0,-1
Connect Cards,3,92.89,5.01,1,0,94.16,5.16,-1.27,0,4,HARDER,2,1
N-Back,1,69.21,4.18,4,0,51.59,3.66,17.62,0,1,SAME,1,0
Face Recognition,1,40.71,6.51,9,1,47.29,6.4,-6.58,2,2,SAME,1,0
N-Back,3,71.41,4.95,4,0,70.44,4.91,0.97,0,6,SAME,1,0
Face Recognition,4,73.04,4.24,6,0,94.36,4.66,-21.32,0,4,EASIER,0,-1
Connect Cards,2,58.92,7.1,5,0,58.92,7.1,0.0,0,0,SAME,1,0
Memory Association,2,64.52,7.28,4,0,88.42,7.06,-23.9,0,4,EASIER,0,-1
Sequence,2,56.3,6.7,4,0,94.83,5.39,-38.53,0,1,EASIER,0,-1
Sequence,1,72.26,6.56,4,1,59.85,4.93,12.41,0,3,SAME,1,0
Memory Association,1,92.25,6.92,0,1,85.33,8.11,6.92,0,3,HARDER,2,1
N-Back,3,62.5,4.05,4,0,68.46,3.21,-5.96,0,5,SAME,1,0
Memory Association,2,64.78,5.93,4,0,71.44,7.33,-6.66,0,1,SAME,1,0
Sequence,3,75.33,5.41,4,0,91.31,5.65,-15.98,0,2,SAME,1,0
Memory Association,2,72.31,9.3,4,2,61.9,8.82,10.41,2,2,EASIER,0,-1
Memory Association,1,90.29,6.87,1,0,77.18,6.96,13.11,0,1,HARDER,2,1
Sequence,1,92.02,6.12,1,0,73.21,5.83,18.81,0,1,HARDER,2,1
Connect Cards,1,91.3,5.52,0,0,86.53,6.48,4.77,0,1,HARDER,2,1
Memory Association,1,65.26,9.55,3,1,53.38,9.27,11.88,0,3,SAME,1,0
N-Back,2,87.91,5.03,2,0,69.01,5.27,18.9,0,0,HARDER,2,1
Memory Association,4,92.39,6.59,1,1,85.64,7.72,6.75,0,2,HARDER,2,1
Connect Cards,1,54.33,4.43,7,0,80.69,5.53,-26.36,0,1,SAME,1,0
N-Back,2,60.06,3.77,5,0,65.23,4.26,-5.17,0,3,SAME,1,0
N-Back,3,83.79,4.8,0,0,56.62,4.07,27.17,0,6,HARDER,2,1
Face Recognition,1,100.0,4.74,1,0,81.39,5.91,18.61,0,2,HARDER,2,1
N-Back,5,69.42,3.77,5,0,62.85,3.61,6.57,0,5,SAME,1,0
Connect Cards,2,76.37,6.13,1,0,72.24,5.89,4.13,0,5,SAME,1,0
Memory Association,4,51.67,7.93,5,1,58.97,6.57,-7.3,0,3,EASIER,0,-1
N-Back,3,48.01,5.46,6,0,71.49,4.6,-23.48,1,2,EASIER,0,-1
Face Recognition,1,97.58,4.34,2,0,47.14,5.28,50.44,0,1,HARDER,2,1
N-Back,3,73.47,4.26,3,0,74.99,5.14,-1.52,0,1,SAME,1,0
Memory Association,2,97.32,8.41,1,0,94.8,7.64,2.52,0,3,SAME,1,0
Sequence,2,90.46,4.73,0,0,80.19,5.27,10.27,0,4,HARDER,2,1
Face Recognition,1,83.88,4.77,0,0,63.69,3.92,20.19,0,2,HARDER,2,1
Face Recognition,2,99.29,4.72,1,0,75.76,4.58,23.53,0,3,HARDER,2,1
Memory Association,3,40.37,9.56,5,2,40.37,9.56,0.0,1,0,EASIER,0,-1
N-Back,3,90.07,3.76,1,0,80.32,4.11,9.75,0,1,HARDER,2,1
Connect Cards,1,85.43,6.3,1,0,62.88,7.11,22.55,0,3,HARDER,2,1
N-Back,2,53.89,4.53,6,0,59.73,5.21,-5.84,0,2,SAME,1,0
Sequence,1,96.33,5.34,1,0,72.23,6.15,24.1,0,0,HARDER,2,1
Face Recognition,1,80.01,3.95,1,0,62.28,4.44,17.73,0,5,HARDER,2,1
N-Back,3,68.67,4.95,5,0,90.13,3.9,-21.46,0,1,EASIER,0,-1
Face Recognition,1,80.16,5.88,3,1,82.29,5.34,-2.13,0,1,SAME,1,0
Memory Association,1,59.0,8.2,5,1,68.48,6.98,-9.48,0,3,SAME,1,0
Sequence,3,76.67,7.43,3,3,90.37,5.35,-13.7,1,3,EASIER,0,-1
Face Recognition,3,77.75,5.11,4,1,87.44,5.08,-9.69,0,1,SAME,1,0
Face Recognition,1,62.28,4.44,5,0,59.67,4.85,2.61,0,5,SAME,1,0
Memory Association,3,80.48,7.55,2,1,79.7,7.1,0.78,0,2,SAME,1,0
Connect Cards,1,85.15,5.36,2,0,66.37,5.54,18.78,0,3,HARDER,2,1
Memory Association,2,75.4,9.02,4,0,67.24,9.22,8.16,0,4,SAME,1,0
Memory Association,2,61.5,8.32,3,2,49.61,9.08,11.89,2,1,EASIER,0,-1
N-Back,1,86.2,4.4,2,0,39.2,5.45,47.0,0,3,HARDER,2,1
Connect Cards,3,59.17,5.65,5,0,95.99,4.93,-36.82,0,4,EASIER,0,-1
Face Recognition,2,51.94,5.97,5,0,72.02,6.02,-20.08,0,1,EASIER,0,-1
Memory Association,1,90.63,8.83,1,1,72.31,9.3,18.32,0,3,HARDER,2,1
Connect Cards,2,57.67,5.25,4,0,85.32,4.79,-27.65,0,0,EASIER,0,-1
Connect Cards,2,73.93,5.92,6,0,72.78,5.83,1.15,0,2,SAME,1,0
Connect Cards,1,71.31,4.25,4,0,55.87,5.31,15.44,0,3,SAME,1,0
Face Recognition,3,64.59,5.05,6,0,54.31,4.93,10.28,0,5,SAME,1,0
Connect Cards,1,60.44,4.78,7,0,73.33,4.85,-12.89,0,4,SAME,1,0
Connect Cards,1,70.91,5.82,1,0,58.81,5.7,12.1,0,3,SAME,1,0
Face Recognition,2,78.86,5.91,2,0,100.0,5.7,-21.14,0,3,SAME,1,0
Face Recognition,2,83.29,4.76,1,0,66.93,5.14,16.36,0,1,HARDER,2,1
N-Back,3,95.07,3.34,1,0,86.92,3.71,8.15,0,2,HARDER,2,1
Face Recognition,1,92.05,4.13,0,0,72.18,5.05,19.87,0,3,HARDER,2,1
N-Back,2,47.24,5.36,7,0,48.94,5.32,-1.7,2,0,EASIER,0,-1
Sequence,1,74.24,4.32,4,0,62.9,5.71,11.34,0,3,SAME,1,0
Connect Cards,2,53.71,7.17,6,1,91.26,5.36,-37.55,0,3,EASIER,0,-1
Memory Association,1,59.77,5.44,8,1,60.96,5.38,-1.19,0,1,SAME,1,0
N-Back,2,90.54,3.48,0,0,71.77,3.84,18.77,0,1,HARDER,2,1
N-Back,4,77.35,4.24,3,0,85.35,4.29,-8.0,0,1,SAME,1,0
Memory Association,1,92.07,7.24,1,0,72.01,7.79,20.06,0,4,HARDER,2,1
Connect Cards,2,67.7,7.9,4,1,68.08,6.28,-0.38,0,5,SAME,1,0
Sequence,1,86.28,5.42,2,0,56.3,6.7,29.98,0,1,HARDER,2,1
Memory Association,2,86.0,7.12,2,0,78.54,5.69,7.46,0,3,SAME,1,0
Memory Association,2,63.02,7.32,6,1,60.81,6.08,2.21,0,2,EASIER,0,-1
Sequence,1,93.81,4.58,2,0,51.98,6.13,41.83,0,0,HARDER,2,1
Face Recognition,2,56.76,4.37,3,0,90.65,4.81,-33.89,0,5,EASIER,0,-1
Connect Cards,2,53.94,4.48,5,0,86.66,5.68,-32.72,0,3,EASIER,0,-1
Memory Association,1,87.19,7.84,0,0,78.06,8.65,9.13,0,5,HARDER,2,1
Sequence,3,52.6,5.8,3,0,83.59,5.8,-30.99,0,5,EASIER,0,-1
Connect Cards,1,83.18,6.06,2,0,63.31,6.23,19.87,0,5,HARDER,2,1
N-Back,2,69.96,4.54,3,0,94.6,3.71,-24.64,0,4,EASIER,0,-1
Connect Cards,3,56.36,6.87,5,2,69.23,5.56,-12.87,1,2,EASIER,0,-1
Sequence,1,91.31,5.45,0,0,51.83,6.47,39.48,0,3,HARDER,2,1
Face Recognition,1,85.12,4.11,0,0,59.69,4.12,25.43,0,3,HARDER,2,1
Face Recognition,1,78.67,5.09,3,0,64.83,4.43,13.84,0,5,SAME,1,0
N-Back,3,92.47,3.33,0,0,88.13,3.83,4.34,0,1,HARDER,2,1
N-Back,2,75.39,3.84,4,0,66.67,4.64,8.72,0,2,SAME,1,0
Sequence,1,37.04,6.46,9,1,53.4,4.32,-16.36,1,3,SAME,1,0
N-Back,2,96.2,3.9,0,0,65.85,4.88,30.35,0,2,HARDER,2,1
Connect Cards,1,98.71,6.34,0,1,92.95,6.72,5.76,0,2,HARDER,2,1
Memory Association,2,53.38,9.27,7,2,77.53,8.29,-24.15,1,2,EASIER,0,-1
Connect Cards,2,96.07,7.01,1,0,83.79,6.05,12.28,0,4,HARDER,2,1
N-Back,2,38.67,4.95,8,0,42.6,5.94,-3.93,2,1,EASIER,0,-1
N-Back,2,100.0,4.62,0,0,90.95,5.12,9.05,0,3,HARDER,2,1
N-Back,2,68.73,3.87,4,0,79.87,3.73,-11.14,0,3,SAME,1,0
Connect Cards,1,71.1,5.51,2,0,58.35,6.4,12.75,0,3,SAME,1,0
Connect Cards,2,62.65,6.92,5,0,83.24,7.25,-20.59,0,3,EASIER,0,-1
Sequence,1,80.74,5.25,3,0,65.58,5.35,15.16,0,0,HARDER,2,1
N-Back,3,58.78,5.37,5,0,72.65,5.1,-13.87,0,6,SAME,1,0
Sequence,2,49.5,6.08,8,0,57.27,5.13,-7.77,1,4,EASIER,0,-1
Memory Association,2,73.1,7.61,2,0,56.86,7.07,16.24,0,1,SAME,1,0
Sequence,1,100.0,5.04,1,0,55.87,5.56,44.13,0,0,HARDER,2,1
Connect Cards,2,48.13,7.44,6,1,87.95,4.92,-39.82,1,4,EASIER,0,-1
Face Recognition,1,81.77,5.09,2,0,48.25,6.11,33.52,0,4,HARDER,2,1
Memory Association,3,59.72,7.8,4,0,95.64,6.55,-35.92,0,3,EASIER,0,-1
Connect Cards,3,51.41,6.62,8,1,72.7,7.5,-21.29,0,2,EASIER,0,-1
Memory Association,4,67.18,9.48,3,3,90.63,7.98,-23.45,1,1,EASIER,0,-1
Face Recognition,2,73.79,5.53,5,0,54.51,5.93,19.28,0,3,SAME,1,0
N-Back,2,71.33,4.12,4,0,71.33,4.12,0.0,0,0,SAME,1,0
Memory Association,2,74.25,6.69,5,0,63.06,7.05,11.19,0,1,SAME,1,0
N-Back,1,86.83,3.82,2,0,61.28,4.24,25.55,0,2,HARDER,2,1
Memory Association,3,70.69,8.13,4,2,66.5,8.29,4.19,1,3,SAME,1,0
Face Recognition,2,85.61,5.04,3,0,49.65,6.63,35.96,0,1,HARDER,2,1
Memory Association,3,91.04,7.34,2,0,75.18,6.7,15.86,0,5,HARDER,2,1
N-Back,3,65.35,4.35,5,0,88.87,3.93,-23.52,0,2,EASIER,0,-1
N-Back,3,46.79,6.77,5,0,70.66,4.19,-23.87,1,4,EASIER,0,-1
N-Back,2,92.22,4.57,1,0,76.02,3.62,16.2,0,5,HARDER,2,1
Connect Cards,2,98.76,7.08,0,0,65.87,7.15,32.89,0,3,HARDER,2,1
Memory Association,1,93.56,5.57,0,0,60.57,6.03,32.99,0,5,HARDER,2,1
Connect Cards,3,58.27,6.81,5,1,83.08,5.12,-24.81,0,5,EASIER,0,-1
Connect Cards,1,57.69,4.79,6,0,76.65,6.34,-18.96,0,0,SAME,1,0
Connect Cards,4,75.3,5.79,3,0,77.29,4.52,-1.99,0,2,SAME,1,0
Connect Cards,2,48.68,5.12,7,0,71.15,4.35,-22.47,1,2,EASIER,0,-1
Connect Cards,1,56.94,5.86,5,0,78.57,6.22,-21.63,0,5,SAME,1,0
Connect Cards,2,59.95,5.52,5,0,86.97,4.8,-27.02,0,1,EASIER,0,-1
Sequence,1,48.31,7.23,6,1,54.24,6.54,-5.93,1,8,SAME,1,0
Memory Association,1,78.94,6.88,3,0,52.91,7.02,26.03,0,3,SAME,1,0
Memory Association,2,59.37,6.39,7,1,36.32,8.02,23.05,0,2,SAME,1,0
Face Recognition,3,48.66,7.29,5,0,51.3,5.72,-2.64,1,2,EASIER,0,-1
Connect Cards,1,85.44,5.01,2,0,66.83,5.91,18.61,0,3,HARDER,2,1
Connect Cards,1,90.06,4.94,1,0,87.2,5.5,2.86,0,1,HARDER,2,1
Memory Association,2,53.29,8.3,5,1,78.47,7.33,-25.18,0,1,EASIER,0,-1
Connect Cards,2,74.61,7.21,3,1,79.97,5.62,-5.36,0,2,SAME,1,0
Face Recognition,3,47.85,7.93,5,0,70.9,5.04,-23.05,1,4,EASIER,0,-1
Memory Association,3,54.19,8.16,7,1,73.28,7.41,-19.09,0,1,EASIER,0,-1
Memory Association,3,36.02,9.33,5,1,36.02,9.33,0.0,1,0,EASIER,0,-1
Connect Cards,1,81.88,5.94,2,0,73.89,6.34,7.99,0,2,SAME,1,0
Face Recognition,1,64.1,4.91,4,0,65.63,5.84,-1.53,0,2,SAME,1,0
N-Back,2,54.24,4.7,6,0,89.23,3.76,-34.99,0,2,EASIER,0,-1
Sequence,3,43.02,5.47,3,0,62.52,4.64,-19.5,1,1,EASIER,0,-1
Memory Association,1,48.19,6.26,7,0,32.74,7.99,15.45,2,4,SAME,1,0
N-Back,2,49.74,6.26,5,1,54.7,3.58,-4.96,1,2,EASIER,0,-1
Sequence,1,91.51,6.39,0,0,71.82,6.07,19.69,0,2,HARDER,2,1
Face Recognition,2,60.49,5.03,5,0,89.09,4.08,-28.6,0,2,EASIER,0,-1
Sequence,2,65.16,5.76,3,0,55.47,5.74,9.69,0,2,SAME,1,0
N-Back,2,47.21,6.52,8,0,65.35,4.84,-18.14,1,4,EASIER,0,-1
Connect Cards,1,93.11,6.49,1,0,63.73,7.58,29.38,0,3,HARDER,2,1
N-Back,2,90.98,3.91,1,0,78.76,3.99,12.22,0,2,HARDER,2,1
Face Recognition,3,69.82,5.68,4,1,100.0,5.67,-30.18,0,1,EASIER,0,-1
Memory Association,2,47.79,8.6,5,0,47.79,8.6,0.0,1,0,EASIER,0,-1
Sequence,2,39.1,5.89,7,0,59.14,5.02,-20.04,1,2,EASIER,0,-1
Face Recognition,3,48.23,5.11,4,0,73.92,4.5,-25.69,1,5,EASIER,0,-1
Face Recognition,2,60.96,4.9,4,0,86.58,5.51,-25.62,0,2,EASIER,0,-1
N-Back,3,45.77,4.94,7,0,61.44,4.04,-15.67,1,2,EASIER,0,-1
Face Recognition,1,81.54,3.7,2,0,44.55,6.1,36.99,0,5,HARDER,2,1
Connect Cards,1,64.53,4.94,5,0,53.27,5.26,11.26,0,3,SAME,1,0
N-Back,2,47.07,5.0,5,0,80.91,3.81,-33.84,1,4,EASIER,0,-1
Connect Cards,2,64.75,5.9,4,2,68.25,5.88,-3.5,1,8,EASIER,0,-1
Face Recognition,1,71.98,4.04,4,0,64.25,5.02,7.73,0,6,SAME,1,0
Connect Cards,1,91.16,6.31,1,0,67.41,6.37,23.75,0,4,HARDER,2,1
Sequence,2,45.55,6.27,8,0,81.47,4.74,-35.92,1,4,EASIER,0,-1
N-Back,2,48.55,4.73,7,0,60.61,3.83,-12.06,1,4,EASIER,0,-1
Connect Cards,1,100.0,4.28,1,0,65.33,5.75,34.67,0,2,HARDER,2,1
N-Back,2,74.98,4.33,2,0,64.8,4.0,10.18,0,2,SAME,1,0
Connect Cards,3,62.32,6.18,5,0,87.16,4.98,-24.84,0,4,EASIER,0,-1
N-Back,1,98.27,3.22,1,0,73.34,3.52,24.93,0,2,HARDER,2,1
Connect Cards,1,82.54,4.95,2,0,63.55,5.52,18.99,0,3,HARDER,2,1
N-Back,2,72.35,3.85,4,0,81.68,4.32,-9.33,0,1,SAME,1,0
Face Recognition,1,63.45,4.26,3,0,63.45,4.26,0.0,0,0,SAME,1,0
Face Recognition,3,87.44,5.08,3,0,75.68,4.97,11.76,0,0,SAME,1,0
Connect Cards,2,86.06,6.88,2,0,83.55,7.06,2.51,0,3,SAME,1,0
Connect Cards,2,52.77,6.6,8,1,90.03,6.29,-37.26,0,1,EASIER,0,-1
Face Recognition,1,61.8,3.96,3,0,42.8,5.82,19.0,0,2,SAME,1,0
N-Back,3,63.76,4.97,3,0,87.35,4.27,-23.59,0,1,EASIER,0,-1
N-Back,2,71.92,3.91,4,0,61.43,4.39,10.49,0,4,SAME,1,0
Face Recognition,1,72.34,5.32,4,0,60.52,5.06,11.82,0,4,SAME,1,0
Face Recognition,3,48.69,5.94,7,1,80.72,5.4,-32.03,1,4,EASIER,0,-1
Sequence,2,57.29,6.01,6,0,72.32,4.84,-15.03,0,1,EASIER,0,-1
Memory Association,2,76.51,5.86,5,0,100.0,5.67,-23.49,0,4,EASIER,0,-1
Memory Association,2,97.9,6.75,1,0,81.61,6.52,16.29,0,2,HARDER,2,1
Sequence,2,33.25,4.84,9,0,57.72,4.75,-24.47,1,2,EASIER,0,-1
Connect Cards,1,96.04,5.0,2,0,76.14,4.84,19.9,0,2,HARDER,2,1
N-Back,2,66.45,3.83,3,0,75.17,4.28,-8.72,0,2,SAME,1,0
Sequence,2,93.05,4.65,0,0,52.96,5.25,40.09,0,2,HARDER,2,1
Face Recognition,2,43.32,5.35,4,0,61.09,4.37,-17.77,1,1,EASIER,0,-1
Memory Association,1,76.02,9.44,2,0,56.95,7.94,19.07,0,4,SAME,1,0
Sequence,4,86.61,4.13,2,0,83.11,5.24,3.5,0,3,SAME,1,0
N-Back,2,48.31,5.65,7,0,71.19,5.13,-22.88,1,4,EASIER,0,-1
Connect Cards,2,80.62,5.22,3,0,57.22,5.5,23.4,0,4,HARDER,2,1
N-Back,1,91.47,3.79,2,0,79.51,4.3,11.96,0,5,HARDER,2,1
Connect Cards,2,95.99,4.93,1,0,87.68,4.87,8.31,0,4,HARDER,2,1
Connect Cards,1,72.63,5.66,4,0,76.44,6.02,-3.81,0,0,SAME,1,0
Face Recognition,1,72.14,3.79,3,0,76.56,3.82,-4.42,0,3,SAME,1,0
Memory Association,3,64.9,9.0,6,2,73.89,9.15,-8.99,1,0,EASIER,0,-1
Face Recognition,2,58.05,4.92,4,0,69.61,5.99,-11.56,0,0,SAME,1,0
N-Back,2,60.47,4.06,5,0,94.02,3.86,-33.55,0,3,EASIER,0,-1
Face Recognition,3,43.45,5.01,8,0,72.93,5.92,-29.48,1,1,EASIER,0,-1
Face Recognition,2,80.72,5.4,3,0,64.9,5.6,15.82,0,5,HARDER,2,1
Sequence,2,53.59,6.25,6,1,44.35,6.23,9.24,0,2,SAME,1,0
Connect Cards,1,68.72,6.09,4,0,68.76,6.22,-0.04,0,2,SAME,1,0
Connect Cards,1,87.95,4.92,3,0,72.26,5.41,15.69,0,3,HARDER,2,1
Sequence,2,54.54,5.4,6,0,93.05,5.09,-38.51,0,6,EASIER,0,-1
Connect Cards,1,99.6,5.2,1,0,86.37,5.22,13.23,0,4,HARDER,2,1
Connect Cards,1,95.65,4.32,0,0,58.99,5.7,36.66,0,2,HARDER,2,1
N-Back,2,59.29,4.84,5,0,83.64,4.66,-24.35,0,3,EASIER,0,-1
Memory Association,3,86.31,8.57,2,1,94.26,6.61,-7.95,0,2,SAME,1,0
N-Back,4,92.69,3.62,0,0,82.32,3.57,10.37,0,0,HARDER,2,1
Connect Cards,3,66.31,6.44,6,0,94.07,4.88,-27.76,0,4,EASIER,0,-1
Sequence,3,100.0,5.98,0,0,68.33,5.8,31.67,0,2,HARDER,2,1
N-Back,2,36.93,5.41,5,0,76.0,3.51,-39.07,1,1,EASIER,0,-1
Face Recognition,2,80.37,5.15,3,0,62.93,5.98,17.44,0,3,HARDER,2,1
Memory Association,1,65.69,7.76,3,1,72.21,6.75,-6.52,0,3,SAME,1,0
Sequence,1,79.69,4.87,1,0,87.81,4.78,-8.12,0,3,SAME,1,0
Memory Association,2,80.43,7.73,1,0,65.31,8.4,15.12,0,3,HARDER,2,1
N-Back,1,57.11,3.77,3,0,63.57,4.72,-6.46,0,1,SAME,1,0
Connect Cards,1,58.61,5.71,6,0,55.48,5.18,3.13,0,1,SAME,1,0
Connect Cards,2,96.22,5.14,1,0,81.95,5.13,14.27,0,5,HARDER,2,1
N-Back,1,69.96,3.24,4,0,61.02,4.15,8.94,0,2,SAME,1,0
Memory Association,1,65.79,7.45,4,2,76.95,7.36,-11.16,1,4,SAME,1,0
Memory Association,2,77.31,6.3,3,0,75.8,6.22,1.51,0,3,SAME,1,0
Face Recognition,1,73.02,4.46,4,0,74.36,4.06,-1.34,0,6,SAME,1,0
Memory Association,3,52.23,7.9,5,1,52.23,7.9,0.0,0,0,SAME,1,0
Memory Association,2,57.56,7.48,5,0,78.97,9.03,-21.41,0,2,EASIER,0,-1
Connect Cards,1,83.82,4.48,2,0,76.5,4.59,7.32,0,1,SAME,1,0
N-Back,2,80.27,4.77,3,0,65.25,5.03,15.02,0,4,HARDER,2,1
Connect Cards,1,80.9,5.67,1,0,41.05,7.77,39.85,0,5,HARDER,2,1
N-Back,1,89.18,3.92,1,0,47.07,5.0,42.11,0,5,HARDER,2,1
Face Recognition,2,57.39,4.1,6,0,97.78,4.18,-40.39,0,2,EASIER,0,-1
N-Back,1,97.85,4.9,1,0,83.8,4.35,14.05,0,3,HARDER,2,1
Memory Association,3,67.23,6.98,5,0,64.79,6.22,2.44,0,1,SAME,1,0
Face Recognition,3,40.62,8.34,6,1,62.74,5.14,-22.12,1,1,EASIER,0,-1
Sequence,2,68.75,5.04,1,0,74.49,4.35,-5.74,0,1,SAME,1,0
Sequence,3,84.17,4.45,0,0,69.46,4.57,14.71,0,3,HARDER,2,1
N-Back,1,90.61,4.56,1,0,43.18,4.96,47.43,0,1,HARDER,2,1
Sequence,1,81.19,5.24,4,0,50.7,5.93,30.49,0,2,HARDER,2,1
Face Recognition,1,84.62,4.39,2,0,55.42,4.99,29.2,0,7,HARDER,2,1
Sequence,2,72.14,5.9,3,1,62.54,5.24,9.6,0,2,SAME,1,0
N-Back,1,92.85,4.17,2,0,61.71,4.78,31.14,0,1,HARDER,2,1
Face Recognition,1,71.75,4.09,4,0,16.27,4.82,55.48,0,2,SAME,1,0
Connect Cards,1,91.84,5.89,1,0,73.98,6.05,17.86,0,4,HARDER,2,1
Face Recognition,2,63.12,4.64,3,0,60.26,4.73,2.86,0,2,SAME,1,0
Sequence,2,71.3,6.8,2,0,79.79,6.85,-8.49,0,3,SAME,1,0
Face Recognition,1,100.0,4.39,0,0,51.92,4.94,48.08,0,2,HARDER,2,1
N-Back,2,79.52,4.21,0,0,41.0,4.46,38.52,0,1,HARDER,2,1
Sequence,2,60.86,6.16,4,0,83.41,4.83,-22.55,0,1,EASIER,0,-1
Face Recognition,3,55.21,5.47,4,0,93.19,6.27,-37.98,0,4,EASIER,0,-1
Face Recognition,2,100.0,4.44,1,0,71.87,4.94,28.13,0,3,HARDER,2,1
N-Back,1,86.4,3.73,0,0,86.4,3.73,0.0,0,0,SAME,1,0
Connect Cards,2,91.96,4.81,0,0,85.59,4.08,6.37,0,1,HARDER,2,1
Connect Cards,2,47.37,6.96,6,0,48.13,6.3,-0.76,2,1,EASIER,0,-1
N-Back,3,53.4,3.73,7,0,78.21,3.09,-24.81,0,4,EASIER,0,-1
Sequence,1,87.57,4.83,2,0,71.04,5.88,16.53,0,3,HARDER,2,1
Sequence,2,51.98,6.13,8,0,100.0,5.04,-48.02,0,1,EASIER,0,-1
Memory Association,1,81.38,7.13,3,1,84.72,8.1,-3.34,0,2,SAME,1,0
Connect Cards,3,49.03,8.23,7,1,60.75,5.29,-11.72,1,0,EASIER,0,-1
Memory Association,1,69.77,7.26,4,2,71.86,8.28,-2.09,2,1,SAME,1,0
Face Recognition,1,87.37,3.65,0,0,75.21,3.69,12.16,0,1,HARDER,2,1
Connect Cards,3,82.8,6.17,3,0,60.29,6.94,22.51,0,0,HARDER,2,1
Face Recognition,1,84.37,5.14,2,0,84.37,5.14,0.0,0,0,SAME,1,0
Sequence,1,85.45,5.11,1,0,68.45,5.38,17.0,0,3,HARDER,2,1
Connect Cards,2,71.78,5.55,4,0,71.78,5.55,0.0,0,0,SAME,1,0
Connect Cards,3,42.85,7.72,8,1,60.6,6.03,-17.75,1,1,EASIER,0,-1
N-Back,3,57.03,4.07,3,0,88.41,3.64,-31.38,0,3,EASIER,0,-1
Face Recognition,3,90.69,5.31,0,1,79.58,6.03,11.11,0,2,HARDER,2,1
Connect Cards,1,85.48,5.56,4,0,69.49,6.21,15.99,0,3,HARDER,2,1
Connect Cards,1,92.44,5.31,1,1,54.87,6.25,37.57,0,1,HARDER,2,1
Sequence,2,53.19,6.11,7,0,73.26,5.36,-20.07,0,4,EASIER,0,-1
Connect Cards,3,86.24,6.42,1,1,79.2,5.19,7.04,0,3,SAME,1,0
Memory Association,2,57.25,5.88,6,0,78.28,7.06,-21.03,0,2,EASIER,0,-1
Connect Cards,1,94.28,4.88,1,0,72.24,4.75,22.04,0,0,HARDER,2,1
Memory Association,2,90.6,9.1,2,0,77.26,8.09,13.34,0,2,HARDER,2,1
Memory Association,1,93.94,5.57,0,0,74.56,6.15,19.38,0,1,HARDER,2,1
Face Recognition,2,92.56,3.73,1,0,66.92,3.97,25.64,0,4,HARDER,2,1
Face Recognition,1,54.69,3.88,6,0,69.56,4.87,-14.87,0,3,SAME,1,0
N-Back,2,94.89,3.53,1,0,74.93,3.78,19.96,0,4,HARDER,2,1
Memory Association,2,64.12,7.16,6,1,89.67,6.84,-25.55,0,3,EASIER,0,-1
Sequence,3,44.49,7.28,8,0,52.78,7.39,-8.29,1,1,EASIER,0,-1
Face Recognition,2,83.09,5.75,0,0,62.39,5.89,20.7,0,1,HARDER,2,1
N-Back,2,48.88,3.65,8,0,63.94,3.65,-15.06,1,7,EASIER,0,-1
Sequence,2,45.31,6.73,8,0,82.32,5.38,-37.01,1,2,EASIER,0,-1
Connect Cards,2,62.57,7.08,5,2,87.51,6.39,-24.94,1,0,EASIER,0,-1
Connect Cards,2,88.04,4.7,0,0,82.94,5.25,5.1,0,1,HARDER,2,1
Memory Association,2,40.58,8.56,9,1,63.33,5.64,-22.75,1,3,EASIER,0,-1
Memory Association,2,73.96,7.17,2,1,82.99,6.31,-9.03,0,2,SAME,1,0
Connect Cards,2,77.96,5.78,2,0,76.09,5.59,1.87,0,3,SAME,1,0
Face Recognition,2,92.47,3.61,0,0,82.41,3.61,10.06,0,3,HARDER,2,1
Sequence,2,75.35,6.49,2,1,69.59,6.69,5.76,0,3,SAME,1,0
Sequence,3,86.91,4.44,0,0,73.67,4.47,13.24,0,2,HARDER,2,1
Connect Cards,2,83.36,4.68,1,0,61.55,4.82,21.81,0,5,HARDER,2,1
Memory Association,3,62.34,7.55,6,0,93.27,6.03,-30.93,0,2,EASIER,0,-1
Connect Cards,3,43.44,7.57,5,1,43.44,7.57,0.0,1,0,EASIER,0,-1
Face Recognition,2,48.4,6.6,7,0,61.37,4.17,-12.97,1,3,EASIER,0,-1
N-Back,3,98.29,4.6,0,0,76.38,5.02,21.91,0,0,HARDER,2,1
Sequence,2,57.83,5.86,5,1,78.23,5.94,-20.4,0,5,EASIER,0,-1
Face Recognition,2,86.16,5.08,2,0,64.64,5.52,21.52,0,5,HARDER,2,1
Memory Association,2,72.35,7.06,2,0,66.43,9.19,5.92,0,5,SAME,1,0
Sequence,2,44.99,6.32,5,0,56.41,4.85,-11.42,1,3,EASIER,0,-1
Connect Cards,3,47.46,5.82,8,0,83.54,5.41,-36.08,1,2,EASIER,0,-1
Connect Cards,1,81.74,6.19,0,0,55.64,5.19,26.1,0,2,HARDER,2,1
N-Back,3,55.74,4.01,6,0,93.51,3.55,-37.77,0,1,EASIER,0,-1
Sequence,3,57.7,4.74,6,0,60.79,5.2,-3.09,0,0,SAME,1,0
Sequence,1,80.32,5.86,2,0,48.54,7.24,31.78,0,1,HARDER,2,1
N-Back,3,81.21,3.01,2,0,90.15,3.57,-8.94,0,3,SAME,1,0
Memory Association,1,94.27,7.21,1,0,88.67,6.81,5.6,0,4,HARDER,2,1
Sequence,1,65.36,6.65,3,0,72.26,6.56,-6.9,0,4,SAME,1,0
Face Recognition,2,87.02,3.87,0,0,100.0,3.89,-12.98,0,2,SAME,1,0
Face Recognition,2,58.47,5.16,5,0,85.11,5.06,-26.64,0,2,EASIER,0,-1
Memory Association,3,93.52,7.72,1,0,63.38,5.81,30.14,0,1,HARDER,2,1
Face Recognition,1,92.45,4.71,0,0,82.33,5.52,10.12,0,3,HARDER,2,1
Connect Cards,2,48.6,6.85,9,1,83.95,4.79,-35.35,1,3,EASIER,0,-1
N-Back,2,73.52,3.3,2,0,86.93,4.0,-13.41,0,2,SAME,1,0
N-Back,1,76.66,2.95,4,0,62.12,3.8,14.54,0,3,SAME,1,0
N-Back,2,77.26,4.79,3,0,92.85,4.17,-15.59,0,2,SAME,1,0
Connect Cards,1,65.06,6.34,5,0,64.39,5.99,0.67,0,2,SAME,1,0
N-Back,3,53.45,5.11,5,1,80.33,5.14,-26.88,0,1,EASIER,0,-1
Face Recognition,1,76.32,4.78,3,0,43.12,5.66,33.2,0,1,SAME,1,0
Connect Cards,4,91.93,5.47,1,0,86.46,5.58,5.47,0,4,HARDER,2,1
Connect Cards,3,65.38,5.24,4,0,71.42,6.07,-6.04,0,3,SAME,1,0
N-Back,1,82.45,3.75,3,0,64.08,3.66,18.37,0,2,SAME,1,0
Face Recognition,2,73.63,5.92,4,0,92.18,5.26,-18.55,0,4,SAME,1,0
Sequence,3,89.1,4.22,1,0,68.76,4.36,20.34,0,1,HARDER,2,1
Memory Association,1,69.03,7.61,4,0,69.85,6.61,-0.82,0,3,SAME,1,0
N-Back,1,78.94,3.59,2,0,78.94,3.59,0.0,0,0,SAME,1,0
Sequence,1,63.19,5.05,4,0,59.07,5.79,4.12,0,2,SAME,1,0
Face Recognition,2,67.03,5.69,3,0,48.69,5.94,18.34,0,5,SAME,1,0
Memory Association,1,84.62,6.99,2,0,84.62,6.99,0.0,0,0,SAME,1,0
Memory Association,2,58.57,8.96,3,1,79.49,6.88,-20.92,0,4,EASIER,0,-1
Face Recognition,2,88.57,4.88,1,0,69.48,5.86,19.09,0,2,HARDER,2,1
Sequence,3,55.43,4.35,5,0,93.61,3.9,-38.18,0,7,EASIER,0,-1
Sequence,2,52.91,4.27,5,0,36.08,4.92,16.83,0,1,SAME,1,0
Memory Association,3,92.31,7.28,1,0,74.16,6.8,18.15,0,0,HARDER,2,1
Connect Cards,2,60.43,7.16,5,1,85.57,7.07,-25.14,0,4,EASIER,0,-1
Face Recognition,2,49.69,7.14,6,0,63.45,5.45,-13.76,1,2,EASIER,0,-1
Sequence,1,82.15,5.37,0,0,48.35,7.75,33.8,0,0,HARDER,2,1
Connect Cards,3,81.98,5.05,3,0,87.37,4.38,-5.39,0,3,SAME,1,0
Memory Association,4,73.65,8.65,2,1,76.83,8.82,-3.18,0,4,SAME,1,0
Connect Cards,2,79.07,6.98,2,0,91.24,5.22,-12.17,0,2,SAME,1,0
Connect Cards,2,48.86,7.09,6,1,48.86,7.09,0.0,1,0,EASIER,0,-1
N-Back,3,64.85,4.73,5,0,86.44,4.47,-21.59,0,4,EASIER,0,-1
N-Back,2,92.06,4.09,0,0,69.56,4.29,22.5,0,3,HARDER,2,1
Face Recognition,4,60.27,6.25,3,1,88.03,6.04,-27.76,0,2,EASIER,0,-1
Face Recognition,2,83.23,5.23,2,0,54.6,5.61,28.63,0,4,HARDER,2,1
Face Recognition,2,72.15,6.25,4,0,78.19,5.96,-6.04,0,7,SAME,1,0
N-Back,3,49.12,5.76,5,0,68.04,4.72,-18.92,1,4,EASIER,0,-1
Face Recognition,2,84.33,4.2,1,0,53.64,3.82,30.69,0,3,SAME,1,0
Memory Association,2,96.29,7.29,1,0,74.37,6.48,21.92,0,5,HARDER,2,1
Memory Association,1,99.27,6.3,0,1,77.1,5.74,22.17,0,2,HARDER,2,1
Face Recognition,2,91.87,4.74,1,0,88.34,4.95,3.53,0,4,HARDER,2,1
Face Recognition,2,58.79,5.81,4,0,73.12,5.83,-14.33,0,1,SAME,1,0
Sequence,2,80.7,5.58,0,0,61.84,6.24,18.86,0,3,HARDER,2,1
Connect Cards,3,89.65,6.92,1,0,73.68,7.61,15.97,0,1,HARDER,2,1
Connect Cards,1,99.79,5.11,0,0,47.74,5.92,52.05,0,4,HARDER,2,1
N-Back,1,67.01,4.12,4,0,74.48,4.33,-7.47,0,4,SAME,1,0
Face Recognition,1,63.69,3.92,2,0,76.81,4.67,-13.12,0,5,SAME,1,0
Connect Cards,1,69.69,4.82,3,0,61.43,4.5,8.26,0,4,SAME,1,0
Sequence,3,39.18,7.42,6,1,39.18,7.42,0.0,1,0,EASIER,0,-1
Sequence,3,96.64,6.41,1,0,77.45,6.96,19.19,0,3,HARDER,2,1
Sequence,1,51.15,5.32,7,0,58.9,4.58,-7.75,0,2,SAME,1,0
Sequence,1,100.0,6.13,1,0,87.39,4.81,12.61,0,3,HARDER,2,1
Memory Association,1,97.93,7.2,0,0,70.22,6.9,27.71,0,3,HARDER,2,1
N-Back,3,68.24,3.33,3,0,70.77,4.06,-2.53,0,3,SAME,1,0
Face Recognition,1,72.1,4.23,3,0,53.21,5.06,18.89,0,4,SAME,1,0
Face Recognition,1,56.15,4.83,3,0,66.43,5.01,-10.28,0,4,SAME,1,0
Sequence,2,93.61,3.9,1,0,81.34,3.9,12.27,0,6,HARDER,2,1
Memory Association,2,83.56,7.14,2,0,76.69,7.8,6.87,0,2,SAME,1,0
N-Back,3,81.03,4.19,2,0,72.97,4.92,8.06,0,1,SAME,1,0
Face Recognition,3,40.4,6.93,6,1,79.24,4.49,-38.84,1,1,EASIER,0,-1
N-Back,1,55.71,3.94,4,0,57.13,3.9,-1.42,0,2,SAME,1,0
Sequence,2,56.83,6.71,6,0,77.07,5.51,-20.24,0,1,EASIER,0,-1
Memory Association,3,39.1,8.97,8,2,39.1,8.97,0.0,1,0,EASIER,0,-1
Memory Association,2,60.69,6.84,5,1,90.02,5.98,-29.33,0,3,EASIER,0,-1
N-Back,1,71.12,3.66,3,0,42.99,4.56,28.13,0,4,SAME,1,0
Sequence,2,48.35,7.75,6,1,56.46,5.29,-8.11,1,4,EASIER,0,-1
N-Back,1,84.31,3.64,0,0,54.24,4.7,30.07,0,2,HARDER,2,1
Memory Association,2,73.46,7.33,4,0,93.56,5.57,-20.1,0,6,EASIER,0,-1
Sequence,2,93.93,6.33,1,0,79.45,6.16,14.48,0,4,HARDER,2,1
Sequence,2,62.53,5.54,4,2,70.99,4.8,-8.46,1,3,EASIER,0,-1
N-Back,1,97.73,3.73,0,0,97.73,3.73,0.0,0,0,HARDER,2,1
Memory Association,3,90.14,5.72,1,0,80.53,7.46,9.61,0,2,HARDER,2,1
Face Recognition,2,51.13,4.58,6,0,95.37,4.57,-44.24,0,4,EASIER,0,-1
N-Back,4,91.89,3.68,0,0,84.45,3.48,7.44,0,1,HARDER,2,1
Sequence,1,96.2,5.67,0,0,58.1,6.97,38.1,0,2,HARDER,2,1
Memory Association,1,93.83,8.5,0,0,57.91,9.29,35.92,0,2,HARDER,2,1
N-Back,5,83.97,3.96,2,0,73.57,3.32,10.4,0,3,SAME,1,0
N-Back,2,57.15,4.32,6,0,71.61,3.58,-14.46,0,4,EASIER,0,-1
Face Recognition,2,60.43,4.85,5,0,90.47,4.23,-30.04,0,3,EASIER,0,-1
Sequence,2,63.71,5.88,5,0,84.37,4.27,-20.66,0,0,EASIER,0,-1
Sequence,2,32.3,7.13,9,1,22.33,6.08,9.97,2,2,EASIER,0,-1
Connect Cards,2,49.66,6.92,6,0,86.49,5.11,-36.83,1,3,EASIER,0,-1
N-Back,2,65.3,3.56,4,0,78.85,3.02,-13.55,0,2,SAME,1,0
Face Recognition,3,53.64,3.82,5,0,87.96,3.57,-34.32,0,5,EASIER,0,-1
Connect Cards,2,60.36,6.64,4,1,86.3,7.26,-25.94,0,3,EASIER,0,-1
Memory Association,2,69.34,7.36,3,1,75.67,7.85,-6.33,0,5,SAME,1,0
Connect Cards,2,86.6,4.42,1,0,63.3,5.54,23.3,0,3,HARDER,2,1
Memory Association,1,83.97,6.13,1,0,87.11,7.84,-3.14,0,1,SAME,1,0
Face Recognition,2,70.68,4.33,5,0,64.36,4.84,6.32,0,2,SAME,1,0
Face Recognition,1,76.81,4.67,2,0,74.32,4.64,2.49,0,4,SAME,1,0
Sequence,2,82.75,5.0,3,0,84.98,4.94,-2.23,0,2,SAME,1,0
Sequence,3,59.03,6.67,4,0,84.05,5.38,-25.02,0,0,EASIER,0,-1
N-Back,5,76.14,3.76,2,0,77.37,3.66,-1.23,0,1,SAME,1,0
Connect Cards,1,69.58,6.13,5,0,69.19,6.82,0.39,0,4,SAME,1,0
Face Recognition,1,80.21,4.78,3,0,57.38,4.8,22.83,0,2,HARDER,2,1
Memory Association,2,81.46,8.17,1,1,83.22,8.68,-1.76,0,2,SAME,1,0
Sequence,1,80.62,5.19,2,0,39.04,6.78,41.58,0,3,HARDER,2,1
Connect Cards,3,39.93,6.09,4,0,39.93,6.09,0.0,1,0,EASIER,0,-1
Connect Cards,2,44.62,7.65,7,0,86.95,4.97,-42.33,1,4,EASIER,0,-1
Memory Association,2,63.89,5.72,3,0,73.2,6.26,-9.31,0,2,SAME,1,0
Connect Cards,2,45.5,8.05,8,1,78.59,5.73,-33.09,1,3,EASIER,0,-1
Memory Association,2,63.81,6.46,4,0,88.78,6.93,-24.97,0,5,EASIER,0,-1
Sequence,3,54.28,5.98,6,0,80.22,6.36,-25.94,0,2,EASIER,0,-1
Face Recognition,3,62.57,5.73,5,1,78.94,5.28,-16.37,0,1,EASIER,0,-1
N-Back,1,80.96,3.21,3,0,54.65,4.14,26.31,0,3,HARDER,2,1
Memory Association,3,90.63,7.98,1,0,99.31,8.37,-8.68,0,3,HARDER,2,1
Connect Cards,1,96.01,6.96,1,1,81.46,7.4,14.55,0,4,HARDER,2,1
Memory Association,2,83.5,7.49,3,0,77.05,6.57,6.45,0,2,SAME,1,0
Connect Cards,1,85.32,4.79,3,0,42.8,5.55,42.52,0,1,HARDER,2,1
Connect Cards,1,79.42,4.11,1,0,57.59,4.13,21.83,0,4,SAME,1,0
N-Back,3,88.37,3.05,0,0,83.01,3.76,5.36,0,3,HARDER,2,1
Connect Cards,1,81.97,5.59,1,0,48.08,7.7,33.89,0,1,HARDER,2,1
Connect Cards,2,55.31,6.15,6,1,93.14,6.88,-37.83,0,1,EASIER,0,-1
N-Back,1,94.62,2.92,0,0,53.61,3.69,41.01,0,1,HARDER,2,1
Memory Association,1,52.34,6.14,4,0,52.24,6.12,0.1,0,1,SAME,1,0
N-Back,1,83.09,3.69,2,0,63.41,3.93,19.68,0,3,HARDER,2,1
Memory Association,3,40.72,11.72,8,1,40.72,11.72,0.0,1,0,EASIER,0,-1
N-Back,2,52.06,3.81,4,0,66.22,3.92,-14.16,0,2,SAME,1,0
Memory Association,3,92.22,8.66,2,0,67.53,7.76,24.69,0,1,HARDER,2,1
Memory Association,3,67.11,8.96,3,1,67.11,8.96,0.0,0,0,SAME,1,0
Face Recognition,2,87.71,4.92,0,0,72.17,4.72,15.54,0,2,HARDER,2,1
N-Back,2,90.79,4.17,2,0,69.84,5.15,20.95,0,5,HARDER,2,1
Sequence,2,83.06,4.58,2,0,37.2,5.67,45.86,0,3,HARDER,2,1
Sequence,3,45.64,7.07,6,1,75.76,6.04,-30.12,1,3,EASIER,0,-1
Connect Cards,3,78.41,6.44,2,0,76.17,5.47,2.24,0,4,SAME,1,0
Sequence,1,39.72,5.47,5,1,58.8,4.04,-19.08,1,5,SAME,1,0
Memory Association,4,65.8,9.46,5,3,69.03,7.87,-3.23,2,4,EASIER,0,-1
Memory Association,2,61.93,8.76,3,2,84.89,7.36,-22.96,1,1,EASIER,0,-1
Face Recognition,1,91.81,3.79,1,0,73.24,3.88,18.57,0,5,HARDER,2,1
Connect Cards,2,88.58,5.1,0,0,81.63,5.83,6.95,0,0,HARDER,2,1
Memory Association,1,100.0,6.92,0,0,57.53,7.36,42.47,0,2,HARDER,2,1
Connect Cards,1,94.08,5.58,0,0,70.26,6.16,23.82,0,7,HARDER,2,1
Face Recognition,4,62.66,6.53,6,0,85.77,6.6,-23.11,0,3,EASIER,0,-1
Memory Association,2,72.14,6.68,5,2,66.16,5.72,5.98,1,2,EASIER,0,-1
Connect Cards,1,70.07,5.57,4,0,71.1,4.94,-1.03,0,3,SAME,1,0
Face Recognition,2,45.16,6.08,7,0,61.99,4.06,-16.83,1,5,EASIER,0,-1
Sequence,1,100.0,4.6,0,0,77.93,5.41,22.07,0,4,HARDER,2,1
Sequence,2,92.97,5.23,0,0,80.66,4.87,12.31,0,5,HARDER,2,1
Connect Cards,1,73.29,5.69,2,0,77.86,5.91,-4.57,0,4,SAME,1,0
Memory Association,1,70.98,8.23,2,0,64.47,8.0,6.51,0,4,SAME,1,0
Sequence,2,50.49,4.32,7,0,52.79,4.14,-2.3,0,0,SAME,1,0
Face Recognition,1,77.04,4.79,4,0,73.32,4.85,3.72,0,5,SAME,1,0
Face Recognition,2,59.09,6.28,3,0,96.32,4.88,-37.23,0,2,EASIER,0,-1
Face Recognition,2,91.41,4.46,0,0,78.35,5.11,13.06,0,2,HARDER,2,1
Connect Cards,2,75.42,4.22,2,0,77.04,5.45,-1.62,0,2,SAME,1,0
Sequence,1,65.0,5.15,4,0,70.65,5.8,-5.65,0,4,SAME,1,0
Connect Cards,1,76.0,4.74,2,0,76.0,4.74,0.0,0,0,SAME,1,0
Memory Association,1,86.02,5.76,2,0,59.4,7.13,26.62,0,3,HARDER,2,1
N-Back,1,89.13,3.26,3,0,56.67,3.88,32.46,0,8,HARDER,2,1
Connect Cards,2,76.78,5.7,2,0,85.68,5.33,-8.9,0,0,SAME,1,0
Connect Cards,3,77.28,7.07,4,0,66.56,7.16,10.72,0,2,SAME,1,0
Connect Cards,2,96.78,4.63,0,0,87.61,4.56,9.17,0,5,HARDER,2,1
Connect Cards,2,80.38,4.6,2,0,48.73,5.45,31.65,0,1,HARDER,2,1
N-Back,3,43.23,5.31,7,0,43.23,5.31,0.0,1,0,EASIER,0,-1
Memory Association,1,88.5,7.08,3,0,73.46,7.67,15.04,0,3,HARDER,2,1
Memory Association,2,79.2,5.79,2,0,80.26,5.83,-1.06,0,3,SAME,1,0
Memory Association,2,51.24,7.05,8,0,100.0,8.62,-48.76,0,3,EASIER,0,-1
Sequence,2,51.41,5.59,7,0,80.53,4.18,-29.12,0,1,EASIER,0,-1
Connect Cards,1,80.75,5.11,1,0,60.55,6.2,20.2,0,4,HARDER,2,1
Memory Association,2,73.71,8.5,5,2,66.96,8.81,6.75,1,1,EASIER,0,-1
Memory Association,2,91.25,5.81,0,0,78.17,6.33,13.08,0,2,HARDER,2,1
Connect Cards,3,64.83,5.71,5,2,59.12,6.37,5.71,1,1,EASIER,0,-1
Connect Cards,2,89.67,6.73,0,1,73.83,6.78,15.84,0,4,HARDER,2,1
N-Back,2,85.17,3.47,1,0,60.06,3.77,25.11,0,3,HARDER,2,1
Connect Cards,2,76.33,6.14,5,0,41.3,9.84,35.03,0,2,SAME,1,0
N-Back,3,52.66,3.15,4,0,84.32,3.5,-31.66,0,4,EASIER,0,-1
Sequence,2,51.29,6.18,4,0,88.98,5.74,-37.69,0,3,EASIER,0,-1
Memory Association,3,67.24,8.68,4,1,98.92,7.02,-31.68,0,3,EASIER,0,-1
Face Recognition,2,67.34,4.45,4,0,62.52,4.73,4.82,0,5,SAME,1,0
Connect Cards,2,57.92,6.29,5,1,85.48,4.9,-27.56,0,2,EASIER,0,-1
Connect Cards,1,70.38,4.91,4,0,68.78,5.65,1.6,0,5,SAME,1,0
Sequence,1,51.5,4.04,6,0,60.29,4.45,-8.79,0,2,SAME,1,0
Face Recognition,3,53.69,5.23,5,0,83.74,4.12,-30.05,0,4,EASIER,0,-1
Connect Cards,2,62.16,6.06,4,0,82.7,5.63,-20.54,0,2,EASIER,0,-1
Sequence,2,92.69,6.01,1,0,92.73,6.16,-0.04,0,6,HARDER,2,1
N-Back,2,46.43,4.87,6,0,56.72,4.99,-10.29,1,1,EASIER,0,-1
Connect Cards,2,51.66,4.44,4,0,76.98,4.82,-25.32,0,1,EASIER,0,-1
Sequence,3,73.67,4.47,2,0,87.35,3.63,-13.68,0,2,SAME,1,0
Connect Cards,1,85.91,5.39,1,0,65.57,5.68,20.34,0,4,HARDER,2,1
Connect Cards,2,73.83,6.78,3,0,76.43,7.28,-2.6,0,4,SAME,1,0
Sequence,2,61.74,4.6,3,0,61.74,4.6,0.0,0,0,SAME,1,0
Face Recognition,3,43.47,6.4,7,2,62.63,4.38,-19.16,1,2,EASIER,0,-1
N-Back,1,69.65,3.6,2,0,73.68,3.57,-4.03,0,4,SAME,1,0
Face Recognition,3,92.06,4.83,0,0,81.54,4.61,10.52,0,3,HARDER,2,1
Connect Cards,3,58.18,6.22,6,1,95.47,5.79,-37.29,0,4,EASIER,0,-1
N-Back,4,59.67,3.91,5,0,96.03,3.22,-36.36,0,2,EASIER,0,-1
Face Recognition,2,32.46,5.41,10,0,47.15,6.19,-14.69,2,2,EASIER,0,-1
Sequence,1,82.43,6.86,1,0,61.7,5.76,20.73,0,1,SAME,1,0
Memory Association,3,86.78,5.81,1,0,63.52,7.05,23.26,0,1,HARDER,2,1
Memory Association,2,98.92,7.02,0,0,70.63,7.21,28.29,0,3,HARDER,2,1
Memory Association,3,84.04,8.78,0,1,70.89,9.74,13.15,0,3,SAME,1,0
Memory Association,2,100.0,7.8,0,0,83.6,7.18,16.4,0,2,HARDER,2,1
Sequence,2,62.32,5.99,3,0,88.32,5.35,-26.0,0,4,EASIER,0,-1
Memory Association,3,76.36,6.94,2,1,92.99,6.93,-16.63,0,2,SAME,1,0
Memory Association,4,70.99,7.69,5,0,95.23,7.04,-24.24,0,4,EASIER,0,-1
Memory Association,3,48.03,7.95,7,2,91.43,5.91,-43.4,1,1,EASIER,0,-1
Face Recognition,4,74.47,6.31,2,0,65.37,5.75,9.1,0,1,SAME,1,0
Face Recognition,2,64.68,4.58,5,0,85.85,4.53,-21.17,0,4,EASIER,0,-1
Memory Association,3,47.05,7.12,8,2,64.14,8.17,-17.09,1,1,EASIER,0,-1
Face Recognition,1,47.49,5.55,5,0,43.63,6.56,3.86,2,2,SAME,1,0
Face Recognition,3,81.75,4.11,1,0,84.85,3.85,-3.1,0,4,SAME,1,0
Memory Association,2,61.12,7.73,4,1,95.27,9.22,-34.15,0,1,EASIER,0,-1
Connect Cards,4,53.4,6.5,4,0,92.38,6.34,-38.98,0,2,EASIER,0,-1
Connect Cards,2,82.01,7.35,1,1,75.7,6.52,6.31,0,1,SAME,1,0
Face Recognition,2,68.18,4.75,5,0,83.9,4.88,-15.72,0,3,SAME,1,0
N-Back,1,65.38,3.68,6,0,69.12,3.27,-3.74,0,4,SAME,1,0
N-Back,1,86.43,4.95,1,0,79.01,4.9,7.42,0,4,SAME,1,0
Connect Cards,2,48.58,8.23,5,0,57.39,6.1,-8.81,1,3,EASIER,0,-1
N-Back,3,57.67,4.84,6,0,85.17,3.47,-27.5,0,4,EASIER,0,-1
Connect Cards,2,39.94,5.83,6,0,70.16,4.67,-30.22,1,1,EASIER,0,-1
Face Recognition,2,84.71,4.58,2,0,38.6,7.23,46.11,0,4,HARDER,2,1
N-Back,1,100.0,4.32,0,0,73.2,4.19,26.8,0,3,HARDER,2,1
Connect Cards,2,91.79,5.55,0,0,86.73,6.3,5.06,0,2,HARDER,2,1
Connect Cards,2,73.2,6.3,2,1,86.25,5.82,-13.05,0,4,SAME,1,0
Sequence,1,92.53,4.24,0,0,57.27,4.43,35.26,0,3,HARDER,2,1
N-Back,2,57.43,3.44,3,0,84.7,3.71,-27.27,0,1,EASIER,0,-1
Face Recognition,2,92.5,5.51,0,0,81.27,5.79,11.23,0,5,HARDER,2,1
Connect Cards,4,64.69,5.19,4,0,97.3,5.45,-32.61,0,3,EASIER,0,-1
Connect Cards,2,63.57,5.71,4,0,92.0,4.85,-28.43,0,3,EASIER,0,-1
N-Back,1,78.26,3.36,2,0,86.33,3.88,-8.07,0,3,SAME,1,0
Sequence,3,60.1,6.16,5,2,68.11,4.98,-8.01,1,1,EASIER,0,-1
Memory Association,2,90.08,5.62,1,0,64.34,5.39,25.74,0,0,HARDER,2,1
Face Recognition,4,77.22,4.32,2,0,76.7,4.81,0.52,0,1,SAME,1,0
Sequence,1,53.42,4.54,6,0,66.16,4.37,-12.74,0,6,SAME,1,0
Face Recognition,1,84.47,4.54,1,0,47.15,5.09,37.32,0,4,HARDER,2,1
Sequence,4,85.5,4.56,1,0,80.72,4.9,4.78,0,5,SAME,1,0
Face Recognition,2,91.97,3.85,0,0,80.94,4.55,11.03,0,3,HARDER,2,1
N-Back,2,53.33,4.3,4,0,93.47,5.21,-40.14,0,1,EASIER,0,-1
N-Back,2,94.79,3.27,1,0,82.98,3.11,11.81,0,5,HARDER,2,1
N-Back,2,91.67,4.34,1,0,74.49,5.05,17.18,0,2,HARDER,2,1
Memory Association,2,61.9,6.67,6,1,79.85,8.31,-17.95,0,5,EASIER,0,-1
N-Back,2,77.24,4.35,4,0,100.0,3.1,-22.76,0,2,EASIER,0,-1
N-Back,3,77.64,4.22,2,0,79.32,4.35,-1.68,0,1,SAME,1,0
N-Back,1,93.6,3.85,0,0,72.23,3.5,21.37,0,1,HARDER,2,1
N-Back,3,88.66,3.99,1,0,69.53,4.38,19.13,0,4,HARDER,2,1
Memory Association,2,64.34,7.22,4,3,87.65,6.75,-23.31,1,0,EASIER,0,-1
Memory Association,2,91.43,5.91,0,0,66.22,6.19,25.21,0,0,HARDER,2,1
Face Recognition,3,90.15,5.39,1,0,76.14,4.54,14.01,0,1,HARDER,2,1
Connect Cards,2,62.74,6.67,4,1,70.55,6.37,-7.81,0,2,SAME,1,0
Sequence,2,76.9,6.12,2,0,81.45,5.43,-4.55,0,4,SAME,1,0
Sequence,3,51.5,5.25,4,0,81.27,6.72,-29.77,0,5,EASIER,0,-1
Memory Association,2,59.99,7.89,7,0,92.9,6.87,-32.91,0,3,EASIER,0,-1
Face Recognition,3,91.96,4.83,1,0,100.0,5.61,-8.04,0,4,HARDER,2,1
Face Recognition,1,86.15,4.62,2,0,50.98,5.25,35.17,0,5,HARDER,2,1
N-Back,2,55.93,3.99,5,0,79.44,3.41,-23.51,0,2,EASIER,0,-1
Connect Cards,1,91.84,5.85,2,1,64.89,5.05,26.95,0,3,HARDER,2,1
Sequence,1,81.54,4.47,1,0,49.3,6.17,32.24,0,6,HARDER,2,1
Connect Cards,3,60.24,7.61,5,0,82.77,6.05,-22.53,0,2,EASIER,0,-1
Memory Association,3,57.29,8.28,7,1,76.26,8.01,-18.97,0,3,EASIER,0,-1
N-Back,3,83.4,3.76,4,0,81.76,3.44,1.64,0,3,SAME,1,0
Face Recognition,1,98.04,4.7,0,0,98.04,4.7,0.0,0,0,HARDER,2,1
Connect Cards,2,78.1,6.9,3,0,79.6,7.11,-1.5,0,2,SAME,1,0
Sequence,3,77.26,3.78,2,0,78.56,4.15,-1.3,0,2,SAME,1,0
Face Recognition,4,86.93,4.5,2,0,78.85,4.23,8.08,0,3,SAME,1,0
N-Back,3,62.59,3.69,7,0,68.29,3.68,-5.7,0,1,SAME,1,0
Face Recognition,1,55.15,4.18,6,0,70.93,4.72,-15.78,0,1,SAME,1,0
Memory Association,1,64.26,6.84,6,1,64.76,5.59,-0.5,0,2,SAME,1,0
Sequence,4,83.11,5.24,2,0,96.64,4.25,-13.53,0,2,SAME,1,0
N-Back,2,58.49,4.78,4,0,95.78,4.57,-37.29,0,1,EASIER,0,-1
Sequence,2,72.4,6.6,1,0,72.83,6.27,-0.43,0,0,SAME,1,0
Sequence,1,100.0,5.29,1,0,78.88,4.72,21.12,0,2,HARDER,2,1
Sequence,2,53.85,5.79,7,0,62.04,5.57,-8.19,0,2,SAME,1,0
Connect Cards,1,95.42,4.78,0,0,79.77,4.38,15.65,0,2,HARDER,2,1
Sequence,2,63.05,5.35,5,0,83.2,5.01,-20.15,0,3,EASIER,0,-1
Memory Association,2,54.28,7.64,3,1,82.16,7.84,-27.88,0,4,EASIER,0,-1
N-Back,2,82.48,2.84,3,0,85.78,3.02,-3.3,0,1,SAME,1,0
Face Recognition,1,72.61,4.83,5,0,75.39,4.91,-2.78,0,4,SAME,1,0
Face Recognition,3,94.36,4.66,0,0,80.02,4.61,14.34,0,3,HARDER,2,1
Sequence,1,96.62,4.11,0,0,80.89,3.74,15.73,0,3,HARDER,2,1
N-Back,3,92.24,5.65,0,1,66.16,5.02,26.08,0,5,HARDER,2,1
Connect Cards,2,62.88,7.11,6,1,75.69,6.78,-12.81,0,2,EASIER,0,-1
N-Back,1,90.44,4.69,0,0,78.0,3.94,12.44,0,3,HARDER,2,1
Memory Association,4,67.16,9.97,6,2,92.23,9.12,-25.07,1,2,EASIER,0,-1
Memory Association,2,78.47,7.33,2,1,78.47,7.33,0.0,0,0,SAME,1,0
Connect Cards,2,61.77,6.35,4,0,83.18,6.06,-21.41,0,5,EASIER,0,-1
Connect Cards,1,80.79,4.19,2,0,64.39,4.2,16.4,0,4,HARDER,2,1
N-Back,2,51.47,3.62,6,0,80.06,2.99,-28.59,0,2,EASIER,0,-1
Sequence,4,48.45,6.75,6,0,96.64,6.41,-48.19,1,4,EASIER,0,-1
N-Back,2,56.92,5.07,8,0,56.92,5.07,0.0,0,0,SAME,1,0
Sequence,2,61.53,4.85,5,0,72.37,5.55,-10.84,0,5,SAME,1,0
Connect Cards,2,100.0,5.35,0,0,87.7,4.46,12.3,0,1,HARDER,2,1
Connect Cards,2,56.36,7.06,4,2,73.38,6.74,-17.02,1,3,EASIER,0,-1
Connect Cards,1,62.55,6.52,5,1,64.85,5.19,-2.3,0,0,SAME,1,0
Memory Association,3,75.61,7.92,3,3,56.68,6.66,18.93,1,1,SAME,1,0
Connect Cards,2,53.6,6.71,7,1,75.41,5.39,-21.81,0,1,EASIER,0,-1
Sequence,2,66.97,5.51,6,0,89.46,4.98,-22.49,0,2,EASIER,0,-1
N-Back,1,99.1,4.24,1,0,78.75,3.82,20.35,0,2,HARDER,2,1
N-Back,1,82.75,3.4,1,0,67.62,4.11,15.13,0,4,HARDER,2,1
Memory Association,1,48.32,8.44,4,1,38.11,8.97,10.21,2,3,SAME,1,0
N-Back,1,91.03,3.08,2,0,68.35,3.51,22.68,0,6,HARDER,2,1
Memory Association,3,91.9,7.08,0,0,88.28,5.64,3.62,0,5,HARDER,2,1
Connect Cards,1,88.42,4.25,1,0,71.22,4.46,17.2,0,4,HARDER,2,1
Memory Association,4,62.32,9.26,5,0,86.27,7.05,-23.95,0,3,EASIER,0,-1
N-Back,2,64.08,3.66,2,0,91.43,3.05,-27.35,0,5,EASIER,0,-1
Memory Association,2,70.68,7.41,3,0,69.81,7.39,0.87,0,4,SAME,1,0
Face Recognition,3,56.98,5.45,7,0,84.27,6.25,-27.29,0,2,EASIER,0,-1
Connect Cards,2,49.87,6.19,6,2,49.87,6.19,0.0,1,0,EASIER,0,-1
Memory Association,4,70.14,5.97,3,0,76.51,6.43,-6.37,0,3,SAME,1,0
Sequence,3,53.06,6.38,4,0,86.27,6.85,-33.21,0,1,EASIER,0,-1
N-Back,2,100.0,3.94,0,0,80.17,3.32,19.83,0,4,HARDER,2,1
Sequence,3,51.68,5.21,5,1,75.8,5.29,-24.12,0,3,EASIER,0,-1
Face Recognition,1,65.08,5.21,5,0,64.32,4.63,0.76,0,4,SAME,1,0
Connect Cards,3,66.95,6.12,3,0,88.36,4.59,-21.41,0,2,EASIER,0,-1
Sequence,3,87.74,6.4,0,0,82.49,6.61,5.25,0,4,HARDER,2,1
Memory Association,3,44.19,8.04,8,1,44.19,8.04,0.0,1,0,EASIER,0,-1
Face Recognition,1,90.84,4.21,2,0,87.47,3.77,3.37,0,4,SAME,1,0
Memory Association,3,79.25,5.6,2,0,91.51,6.31,-12.26,0,2,SAME,1,0
N-Back,2,59.07,3.98,5,0,76.29,3.14,-17.22,0,5,EASIER,0,-1
Memory Association,2,71.86,8.28,3,2,82.14,6.36,-10.28,1,2,EASIER,0,-1
Memory Association,1,92.51,6.4,2,1,76.26,7.11,16.25,0,4,HARDER,2,1
Connect Cards,1,93.17,5.79,1,1,81.02,6.46,12.15,0,3,HARDER,2,1
Sequence,3,65.72,5.3,4,1,69.3,5.35,-3.58,0,4,SAME,1,0
Face Recognition,2,66.72,3.94,4,0,76.46,3.9,-9.74,0,5,SAME,1,0
N-Back,2,48.97,5.27,7,0,68.51,4.15,-19.54,1,3,EASIER,0,-1
Memory Association,1,94.77,7.57,0,0,69.29,8.84,25.48,0,3,HARDER,2,1
Connect Cards,2,82.47,5.89,4,0,73.9,6.26,8.57,0,2,SAME,1,0
Connect Cards,1,79.64,4.37,2,0,59.73,4.55,19.91,0,4,SAME,1,0
Memory Association,2,84.76,6.45,1,0,85.2,5.99,-0.44,0,4,SAME,1,0
Face Recognition,2,67.58,4.29,5,0,88.7,4.9,-21.12,0,1,EASIER,0,-1
Connect Cards,2,75.28,5.57,4,0,70.72,5.53,4.56,0,4,SAME,1,0
Face Recognition,2,100.0,3.45,0,0,88.7,3.44,11.3,0,0,HARDER,2,1
Sequence,1,64.29,6.06,4,0,41.09,8.14,23.2,0,3,SAME,1,0
Sequence,2,67.4,5.81,3,0,67.4,5.81,0.0,0,0,SAME,1,0
N-Back,1,77.96,4.05,2,0,83.99,3.86,-6.03,0,2,SAME,1,0
Connect Cards,3,74.49,6.29,3,0,51.76,5.83,22.73,0,1,SAME,1,0
N-Back,1,80.18,4.29,2,0,62.38,4.5,17.8,0,4,HARDER,2,1
N-Back,2,52.98,4.45,5,0,77.53,3.75,-24.55,0,4,EASIER,0,-1
Face Recognition,1,87.99,3.52,0,0,75.69,3.85,12.3,0,2,HARDER,2,1
Face Recognition,2,74.68,4.17,3,0,73.97,4.22,0.71,0,1,SAME,1,0
Connect Cards,1,95.72,5.56,0,0,72.12,5.33,23.6,0,1,HARDER,2,1
Memory Association,1,58.37,7.81,5,1,60.69,7.54,-2.32,0,3,SAME,1,0
Memory Association,1,81.55,7.29,3,1,73.68,8.3,7.87,0,2,SAME,1,0
Connect Cards,3,64.44,5.64,4,0,89.14,4.75,-24.7,0,3,EASIER,0,-1
Memory Association,2,67.75,6.5,3,2,82.04,5.37,-14.29,1,1,EASIER,0,-1
N-Back,2,87.91,3.25,0,0,77.84,3.72,10.07,0,3,HARDER,2,1
Face Recognition,2,49.73,5.33,7,1,53.24,3.88,-3.51,1,3,EASIER,0,-1
Memory Association,2,88.75,5.36,0,0,72.7,5.55,16.05,0,2,HARDER,2,1
Memory Association,1,89.67,6.84,0,0,68.88,6.31,20.79,0,3,HARDER,2,1
Connect Cards,2,82.32,5.27,1,0,67.02,4.95,15.3,0,3,SAME,1,0
Connect Cards,2,60.65,4.93,3,0,81.65,4.56,-21.0,0,2,EASIER,0,-1
N-Back,1,89.88,4.0,1,0,58.42,4.83,31.46,0,2,HARDER,2,1
Memory Association,2,81.8,7.67,2,1,66.95,8.14,14.85,0,2,SAME,1,0
Memory Association,1,75.19,7.88,5,0,53.47,8.98,21.72,0,0,SAME,1,0
Face Recognition,1,82.49,4.13,3,0,48.76,5.68,33.73,0,1,HARDER,2,1
Sequence,2,50.39,5.78,5,1,83.23,4.68,-32.84,0,1,EASIER,0,-1
N-Back,4,53.46,4.45,5,0,79.02,4.66,-25.56,0,2,EASIER,0,-1
Sequence,1,84.88,4.55,3,0,49.25,6.35,35.63,0,0,HARDER,2,1
Connect Cards,3,92.94,5.9,0,1,71.78,6.55,21.16,0,4,HARDER,2,1
Face Recognition,4,84.07,6.05,1,0,75.84,6.45,8.23,0,3,SAME,1,0
Connect Cards,3,77.72,6.06,2,0,79.67,6.01,-1.95,0,1,SAME,1,0
Sequence,2,41.83,8.61,7,0,87.0,5.41,-45.17,1,1,EASIER,0,-1
Sequence,3,64.89,6.63,3,0,64.89,6.63,0.0,0,0,SAME,1,0
Memory Association,1,85.9,6.82,1,0,44.37,7.75,41.53,0,3,HARDER,2,1
Connect Cards,3,57.2,6.14,4,1,77.57,6.2,-20.37,0,0,EASIER,0,-1
Memory Association,4,91.77,6.8,1,0,79.35,6.11,12.42,0,1,HARDER,2,1
N-Back,2,100.0,4.28,0,0,88.53,4.99,11.47,0,1,HARDER,2,1
N-Back,3,91.75,3.24,0,0,88.55,4.07,3.2,0,8,HARDER,2,1
Face Recognition,4,74.49,4.28,2,0,81.48,4.03,-6.99,0,2,SAME,1,0
Memory Association,3,63.45,6.47,3,1,75.61,7.92,-12.16,0,1,SAME,1,0
N-Back,2,84.07,4.32,3,0,69.06,4.32,15.01,0,3,HARDER,2,1
N-Back,1,67.91,4.56,3,0,62.87,3.68,5.04,0,1,SAME,1,0
Face Recognition,2,99.89,4.77,0,0,61.84,5.18,38.05,0,3,HARDER,2,1
N-Back,2,51.62,3.38,8,0,76.12,3.92,-24.5,0,3,EASIER,0,-1
Sequence,3,87.54,4.83,0,0,80.38,5.72,7.16,0,4,HARDER,2,1
Sequence,1,52.35,6.21,7,0,57.87,5.52,-5.52,0,4,SAME,1,0
Memory Association,2,69.0,7.5,5,2,92.68,7.04,-23.68,1,4,EASIER,0,-1
Memory Association,2,63.38,8.17,6,2,65.42,8.39,-2.04,1,3,EASIER,0,-1
Face Recognition,1,74.44,5.5,4,0,80.78,4.6,-6.34,0,4,SAME,1,0
Face Recognition,4,73.31,4.54,2,0,77.98,3.79,-4.67,0,4,SAME,1,0
Face Recognition,1,93.4,4.83,1,0,72.97,4.82,20.43,0,1,HARDER,2,1
Connect Cards,3,41.01,6.71,5,0,69.06,6.23,-28.05,1,2,EASIER,0,-1
Face Recognition,2,61.08,4.49,7,0,92.96,5.13,-31.88,0,6,EASIER,0,-1
N-Back,1,64.6,4.06,3,0,62.06,3.76,2.54,0,0,SAME,1,0
N-Back,2,56.23,4.16,5,0,86.81,3.88,-30.58,0,5,EASIER,0,-1
Connect Cards,1,80.33,5.76,2,0,64.45,6.03,15.88,0,4,HARDER,2,1
N-Back,3,49.26,4.82,4,0,80.06,3.18,-30.8,1,4,EASIER,0,-1
N-Back,3,59.84,3.44,4,0,84.84,3.2,-25.0,0,2,EASIER,0,-1
Sequence,3,45.67,6.73,4,1,85.42,4.58,-39.75,1,8,EASIER,0,-1
Memory Association,1,58.72,6.99,6,0,64.23,8.39,-5.51,0,3,SAME,1,0
Memory Association,4,78.69,6.29,2,0,93.72,6.01,-15.03,0,1,SAME,1,0
Sequence,2,60.97,5.39,6,0,66.57,4.33,-5.6,0,4,SAME,1,0
Sequence,1,71.45,4.71,3,0,76.47,4.92,-5.02,0,3,SAME,1,0
Face Recognition,2,59.1,3.93,7,0,82.59,4.56,-23.49,0,3,EASIER,0,-1
Sequence,3,42.28,5.25,6,0,42.28,5.25,0.0,1,0,EASIER,0,-1
Connect Cards,3,55.26,7.76,5,0,100.0,6.5,-44.74,0,3,EASIER,0,-1
Sequence,2,64.17,6.18,5,0,90.08,5.24,-25.91,0,0,EASIER,0,-1
Memory Association,1,90.02,5.98,2,0,79.41,6.35,10.61,0,2,HARDER,2,1
Sequence,1,83.95,5.14,2,0,74.41,5.82,9.54,0,1,SAME,1,0
N-Back,1,85.73,3.34,0,0,79.73,3.63,6.0,0,4,HARDER,2,1
Face Recognition,1,86.29,4.85,3,0,69.36,5.09,16.93,0,5,HARDER,2,1
Connect Cards,2,45.7,7.69,5,0,90.02,7.13,-44.32,1,2,EASIER,0,-1
N-Back,5,85.02,3.87,2,0,76.14,4.08,8.88,0,3,SAME,1,0
N-Back,2,67.97,3.51,4,0,78.88,3.93,-10.91,0,2,SAME,1,0
N-Back,2,70.57,3.18,2,0,61.64,3.06,8.93,0,3,SAME,1,0
Face Recognition,3,64.78,4.28,5,0,88.46,3.61,-23.68,0,1,EASIER,0,-1
Connect Cards,1,53.98,5.21,6,0,72.65,6.17,-18.67,0,1,SAME,1,0
Memory Association,2,76.66,8.66,4,3,89.47,7.72,-12.81,1,4,EASIER,0,-1
Sequence,2,80.32,4.61,0,0,71.07,4.85,9.25,0,1,HARDER,2,1
Memory Association,2,86.01,7.06,2,0,66.9,7.06,19.11,0,4,HARDER,2,1
Connect Cards,2,70.15,4.52,5,0,68.4,5.4,1.75,0,1,SAME,1,0
N-Back,1,80.82,3.26,0,0,60.47,4.06,20.35,0,3,HARDER,2,1
Face Recognition,1,81.81,3.59,2,0,61.68,4.08,20.13,0,2,HARDER,2,1
Sequence,1,97.51,5.69,1,0,97.51,5.69,0.0,0,0,HARDER,2,1
Connect Cards,2,77.21,7.87,3,1,85.05,7.25,-7.84,0,3,SAME,1,0
Face Recognition,3,36.32,5.55,9,0,83.01,4.32,-46.69,1,1,EASIER,0,-1
N-Back,3,57.12,5.29,7,0,73.47,4.11,-16.35,0,5,EASIER,0,-1
Face Recognition,4,58.43,5.29,4,0,80.43,5.02,-22.0,0,4,EASIER,0,-1
Face Recognition,3,85.42,5.5,0,0,100.0,4.44,-14.58,0,4,SAME,1,0
Memory Association,2,40.86,9.2,9,2,85.9,6.82,-45.04,1,1,EASIER,0,-1
N-Back,4,86.79,4.74,4,0,73.61,5.4,13.18,0,3,SAME,1,0
Connect Cards,1,82.81,5.01,2,0,59.07,5.39,23.74,0,2,HARDER,2,1
Connect Cards,1,90.02,7.13,2,0,62.57,7.08,27.45,0,1,HARDER,2,1
Face Recognition,3,91.62,5.86,1,0,70.59,5.53,21.03,0,2,HARDER,2,1
Sequence,2,100.0,4.64,1,0,86.88,5.61,13.12,0,4,HARDER,2,1
Sequence,4,74.29,4.56,5,0,72.61,4.88,1.68,0,2,SAME,1,0
Connect Cards,1,90.68,6.18,0,0,79.71,6.64,10.97,0,3,HARDER,2,1
Face Recognition,2,60.68,5.02,3,0,95.41,4.38,-34.73,0,5,EASIER,0,-1
Face Recognition,2,67.71,4.25,3,0,68.73,4.31,-1.02,0,1,SAME,1,0
Connect Cards,2,55.26,4.86,7,0,55.26,4.86,0.0,0,0,SAME,1,0
Memory Association,1,91.43,6.39,0,0,72.22,5.61,19.21,0,3,HARDER,2,1
N-Back,1,81.65,4.38,2,0,63.86,4.83,17.79,0,3,HARDER,2,1
N-Back,2,82.2,3.85,2,0,68.54,3.32,13.66,0,2,SAME,1,0
Face Recognition,2,88.57,4.8,1,0,63.15,5.1,25.42,0,4,HARDER,2,1
Sequence,2,58.73,5.07,6,0,79.04,4.32,-20.31,0,5,EASIER,0,-1
N-Back,1,82.86,3.9,0,0,68.66,4.11,14.2,0,6,HARDER,2,1
Connect Cards,2,77.79,6.0,3,0,81.8,5.64,-4.01,0,2,SAME,1,0
Memory Association,1,87.37,9.09,2,0,71.35,9.28,16.02,0,5,HARDER,2,1
Connect Cards,3,53.04,7.74,3,0,98.76,7.08,-45.72,0,4,EASIER,0,-1
Memory Association,2,75.22,8.7,3,1,79.68,8.61,-4.46,0,1,SAME,1,0
Face Recognition,1,54.19,4.6,6,0,70.24,3.46,-16.05,0,1,SAME,1,0
Face Recognition,3,89.51,4.18,1,0,73.04,4.24,16.47,0,5,HARDER,2,1
Connect Cards,1,100.0,6.72,0,1,68.16,6.0,31.84,0,3,HARDER,2,1
Connect Cards,2,89.99,5.03,0,0,67.87,4.69,22.12,0,2,HARDER,2,1
Sequence,2,79.24,6.28,2,0,76.1,5.41,3.14,0,5,SAME,1,0
Memory Association,2,90.17,5.86,0,0,82.75,5.85,7.42,0,3,HARDER,2,1
Face Recognition,2,61.02,4.86,5,0,83.77,3.99,-22.75,0,4,EASIER,0,-1
Memory Association,5,72.57,8.71,2,0,76.52,7.57,-3.95,0,1,SAME,1,0
Connect Cards,2,43.29,6.71,7,0,69.75,5.41,-26.46,1,2,EASIER,0,-1
N-Back,2,62.12,3.8,4,0,85.83,3.38,-23.71,0,6,EASIER,0,-1
Connect Cards,2,90.34,3.99,1,0,93.31,4.85,-2.97,0,2,HARDER,2,1
N-Back,2,61.48,3.71,3,0,89.83,3.38,-28.35,0,2,EASIER,0,-1
Connect Cards,2,58.9,6.83,3,0,89.37,6.48,-30.47,0,2,EASIER,0,-1
Face Recognition,1,58.15,5.06,6,0,42.53,5.0,15.62,0,3,SAME,1,0
Sequence,1,52.24,3.92,4,0,37.79,5.07,14.45,0,3,SAME,1,0
Face Recognition,1,67.2,3.77,5,0,80.33,4.1,-13.13,0,3,SAME,1,0
Connect Cards,2,57.61,6.59,5,1,82.52,5.46,-24.91,0,3,EASIER,0,-1
Face Recognition,3,76.96,4.25,2,0,69.89,3.89,7.07,0,2,SAME,1,0
Memory Association,3,80.9,8.72,2,0,83.62,7.48,-2.72,0,3,SAME,1,0
Memory Association,1,86.3,8.1,1,1,65.03,9.09,21.27,0,3,SAME,1,0
N-Back,2,65.2,4.49,5,0,91.25,4.12,-26.05,0,1,EASIER,0,-1
Connect Cards,1,89.61,5.6,0,0,74.39,6.42,15.22,0,0,HARDER,2,1
Memory Association,4,44.63,10.04,5,1,93.8,6.65,-49.17,1,2,EASIER,0,-1
Connect Cards,5,59.32,7.53,7,3,92.69,5.36,-33.37,1,3,EASIER,0,-1
N-Back,4,61.98,4.78,4,0,88.66,3.99,-26.68,0,4,EASIER,0,-1
Face Recognition,2,66.36,4.9,4,0,87.37,3.65,-21.01,0,1,EASIER,0,-1
Face Recognition,2,60.16,4.25,5,0,83.38,3.84,-23.22,0,5,EASIER,0,-1
Memory Association,2,58.9,5.91,4,0,84.27,5.99,-25.37,0,3,EASIER,0,-1
Connect Cards,1,57.37,5.28,3,0,72.46,5.06,-15.09,0,5,SAME,1,0
Connect Cards,2,42.25,7.64,5,0,42.25,7.64,0.0,1,0,EASIER,0,-1
Connect Cards,2,71.46,4.77,2,0,63.15,5.15,8.31,0,2,SAME,1,0
Sequence,5,60.53,6.38,5,0,81.27,5.12,-20.74,0,4,EASIER,0,-1
Memory Association,1,92.77,5.16,2,0,95.43,5.59,-2.66,0,2,HARDER,2,1
Face Recognition,2,100.0,3.75,0,0,86.23,4.18,13.77,0,3,HARDER,2,1
Face Recognition,3,44.4,7.49,5,0,44.4,7.49,0.0,1,0,EASIER,0,-1
N-Back,3,49.11,4.79,5,0,68.03,4.73,-18.92,1,1,EASIER,0,-1
N-Back,4,78.21,5.24,3,0,84.64,4.35,-6.43,0,2,SAME,1,0
N-Back,3,77.84,3.65,0,0,57.2,3.66,20.64,0,2,HARDER,2,1
Connect Cards,2,88.14,6.95,0,0,82.67,7.15,5.47,0,6,HARDER,2,1
Connect Cards,1,91.65,5.49,1,0,50.16,5.58,41.49,0,2,HARDER,2,1
Connect Cards,2,69.39,6.96,4,2,84.23,6.66,-14.84,1,3,EASIER,0,-1
Sequence,2,65.04,5.43,6,0,61.74,4.6,3.3,0,1,SAME,1,0
Memory Association,2,83.4,8.56,2,1,55.18,8.2,28.22,0,3,SAME,1,0
Sequence,3,79.32,5.48,2,0,67.83,6.16,11.49,0,1,SAME,1,0
Memory Association,1,81.06,6.48,5,0,67.85,7.21,13.21,0,2,SAME,1,0
Connect Cards,3,92.48,7.16,0,1,81.19,5.99,11.29,0,2,HARDER,2,1
N-Back,2,90.15,3.57,0,0,84.36,2.97,5.79,0,5,HARDER,2,1
Sequence,1,88.45,4.54,0,0,58.37,5.35,30.08,0,4,HARDER,2,1
N-Back,1,96.42,2.93,1,0,96.42,2.93,0.0,0,0,HARDER,2,1
N-Back,2,71.91,4.78,3,0,94.12,3.5,-22.21,0,4,EASIER,0,-1
Face Recognition,1,75.39,4.91,3,0,65.01,5.27,10.38,0,3,SAME,1,0
Connect Cards,4,75.18,7.74,3,1,71.91,7.89,3.27,0,3,SAME,1,0
N-Back,2,81.97,5.16,2,0,64.79,5.72,17.18,0,3,HARDER,2,1
Connect Cards,3,74.17,6.01,5,1,90.39,7.19,-16.22,0,4,SAME,1,0
N-Back,2,56.15,3.25,7,0,59.74,3.47,-3.59,0,3,SAME,1,0
Face Recognition,1,69.45,4.33,3,0,71.4,4.12,-1.95,0,2,SAME,1,0
N-Back,3,82.52,3.74,2,0,77.84,4.49,4.68,0,1,SAME,1,0
Face Recognition,3,98.31,5.31,0,0,84.22,4.98,14.09,0,2,HARDER,2,1
Sequence,1,85.37,5.74,2,0,64.22,6.47,21.15,0,3,HARDER,2,1
Sequence,1,70.58,5.5,2,0,67.65,5.45,2.93,0,5,SAME,1,0
Memory Association,2,69.55,8.05,5,0,100.0,7.34,-30.45,0,0,EASIER,0,-1
Memory Association,3,81.79,6.41,3,0,80.56,5.13,1.23,0,3,SAME,1,0
Face Recognition,2,80.83,4.78,3,0,79.4,4.66,1.43,0,1,SAME,1,0
Connect Cards,3,96.86,4.52,1,0,64.69,5.19,32.17,0,1,HARDER,2,1
Memory Association,1,67.48,8.05,4,0,68.35,8.19,-0.87,0,3,SAME,1,0
Connect Cards,2,71.34,6.2,3,1,93.17,5.79,-21.83,0,2,EASIER,0,-1
Memory Association,2,79.78,9.01,3,2,79.78,9.01,0.0,1,0,SAME,1,0
Face Recognition,3,92.58,5.14,0,0,67.56,4.98,25.02,0,1,HARDER,2,1
Memory Association,1,77.12,9.34,4,1,56.91,7.04,20.21,0,4,SAME,1,0
Sequence,1,87.91,4.93,4,0,67.26,5.59,20.65,0,1,HARDER,2,1
Memory Association,1,99.04,7.8,0,0,73.38,8.43,25.66,0,1,HARDER,2,1
N-Back,2,82.83,3.79,3,0,95.83,3.57,-13.0,0,2,SAME,1,0
Sequence,1,81.15,5.64,3,0,51.68,6.33,29.47,0,7,HARDER,2,1
N-Back,3,55.83,4.7,3,0,82.72,4.29,-26.89,0,4,EASIER,0,-1
Face Recognition,1,50.76,4.02,6,0,47.35,4.31,3.41,0,3,SAME,1,0
Connect Cards,3,81.33,5.71,2,0,88.33,5.2,-7.0,0,3,SAME,1,0
Connect Cards,2,63.79,7.24,6,1,80.33,5.76,-16.54,0,4,EASIER,0,-1
Sequence,1,96.12,4.89,1,0,84.14,6.18,11.98,0,3,HARDER,2,1
Face Recognition,1,83.45,3.77,1,0,58.1,4.29,25.35,0,4,HARDER,2,1
N-Back,2,62.84,3.79,4,0,62.84,3.79,0.0,0,0,SAME,1,0
Sequence,2,91.68,5.64,1,0,79.95,6.35,11.73,0,2,HARDER,2,1
Sequence,3,65.77,4.82,5,0,77.38,4.94,-11.61,0,4,SAME,1,0
Connect Cards,4,95.94,6.48,3,0,88.49,6.62,7.45,0,3,HARDER,2,1
Face Recognition,1,82.2,4.44,2,0,51.43,5.48,30.77,0,0,HARDER,2,1
Connect Cards,2,56.9,5.22,3,0,77.18,5.74,-20.28,0,4,EASIER,0,-1
Sequence,2,67.93,6.8,5,1,80.74,5.25,-12.81,0,1,EASIER,0,-1
Memory Association,1,97.18,5.73,1,0,97.18,5.73,0.0,0,0,HARDER,2,1
Connect Cards,1,90.86,5.51,1,0,75.28,4.99,15.58,0,0,HARDER,2,1
Face Recognition,3,68.19,5.87,4,0,82.6,6.17,-14.41,0,2,SAME,1,0
Connect Cards,2,48.84,6.17,7,1,50.01,5.84,-1.17,2,2,EASIER,0,-1
Sequence,1,59.98,4.64,5,0,74.88,5.74,-14.9,0,2,SAME,1,0
Sequence,2,88.82,5.35,2,0,84.91,4.97,3.91,0,2,SAME,1,0
Connect Cards,2,58.78,6.99,7,1,78.86,7.71,-20.08,0,5,EASIER,0,-1
Sequence,3,48.03,7.37,7,0,48.03,7.37,0.0,1,0,EASIER,0,-1
Connect Cards,1,73.24,5.19,3,0,51.66,4.44,21.58,0,2,SAME,1,0
Connect Cards,1,80.23,5.81,1,0,49.39,6.01,30.84,0,1,HARDER,2,1
Connect Cards,2,44.27,6.13,6,1,55.25,5.13,-10.98,1,2,EASIER,0,-1
Sequence,2,56.63,6.9,4,1,60.6,6.9,-3.97,0,4,SAME,1,0
Sequence,3,46.5,7.69,8,0,46.5,7.69,0.0,1,0,EASIER,0,-1
N-Back,3,95.83,4.97,1,0,75.98,4.87,19.85,0,2,HARDER,2,1
Connect Cards,2,68.09,5.08,3,0,86.91,5.79,-18.82,0,3,SAME,1,0
N-Back,2,46.78,4.41,8,0,56.07,3.81,-9.29,1,3,EASIER,0,-1
Face Recognition,2,46.11,5.23,5,0,50.93,4.94,-4.82,1,2,EASIER,0,-1
Memory Association,1,85.94,6.61,2,0,65.69,8.95,20.25,0,0,HARDER,2,1
Face Recognition,3,58.73,6.28,5,1,86.33,5.61,-27.6,0,5,EASIER,0,-1
Face Recognition,1,86.23,3.87,0,0,46.06,4.13,40.17,0,3,HARDER,2,1
Connect Cards,2,65.14,6.03,6,1,84.42,4.93,-19.28,0,1,EASIER,0,-1
Memory Association,2,79.9,7.5,2,1,82.2,6.48,-2.3,0,2,SAME,1,0
Memory Association,2,99.67,7.67,0,1,63.25,8.87,36.42,0,1,HARDER,2,1
Memory Association,1,76.15,7.19,2,0,73.88,7.63,2.27,0,2,SAME,1,0
Connect Cards,2,93.54,4.88,1,0,74.08,4.73,19.46,0,4,HARDER,2,1
N-Back,2,91.48,3.02,1,0,80.03,3.73,11.45,0,3,HARDER,2,1
Memory Association,2,91.51,6.31,2,0,76.97,5.87,14.54,0,1,HARDER,2,1
Connect Cards,3,50.01,5.84,4,2,66.87,5.33,-16.86,1,1,EASIER,0,-1
N-Back,3,65.85,3.92,6,0,97.3,3.37,-31.45,0,5,EASIER,0,-1
Sequence,2,51.83,6.47,6,0,85.37,5.74,-33.54,0,3,EASIER,0,-1
Connect Cards,1,56.75,5.97,3,1,63.92,5.58,-7.17,0,0,SAME,1,0
Sequence,4,60.4,7.42,4,1,90.98,7.37,-30.58,0,4,EASIER,0,-1
N-Back,2,47.77,6.32,4,0,98.03,4.62,-50.26,1,1,EASIER,0,-1
N-Back,1,93.26,3.65,1,0,82.45,3.75,10.81,0,1,HARDER,2,1
Memory Association,1,62.6,7.64,0,2,69.53,6.71,-6.93,1,3,SAME,1,0
Face Recognition,2,49.56,4.67,7,0,77.73,4.29,-28.17,1,1,EASIER,0,-1
Memory Association,1,59.91,6.58,6,0,55.41,6.65,4.5,0,3,SAME,1,0
Sequence,3,50.74,4.57,7,0,80.0,4.74,-29.26,0,3,EASIER,0,-1
N-Back,1,98.6,3.18,1,0,77.66,3.25,20.94,0,1,HARDER,2,1
N-Back,3,80.33,4.04,2,0,64.26,4.32,16.07,0,3,HARDER,2,1
Connect Cards,2,87.17,6.3,0,0,57.1,5.91,30.07,0,2,HARDER,2,1
Face Recognition,3,54.91,4.1,7,0,76.73,4.88,-21.82,0,2,EASIER,0,-1
N-Back,2,55.92,4.1,4,0,66.45,3.83,-10.53,0,3,SAME,1,0
Connect Cards,1,72.39,6.3,4,0,53.76,5.31,18.63,0,5,SAME,1,0
Sequence,2,57.9,5.11,6,1,69.68,5.3,-11.78,0,1,EASIER,0,-1
Connect Cards,2,71.5,5.11,2,0,63.25,5.71,8.25,0,4,SAME,1,0
Face Recognition,1,67.12,4.75,3,0,78.09,5.07,-10.97,0,3,SAME,1,0
Face Recognition,1,83.38,3.84,2,0,56.53,3.85,26.85,0,4,HARDER,2,1
Memory Association,2,68.78,8.58,2,3,63.97,7.55,4.81,1,1,SAME,1,0
Memory Association,4,59.15,8.15,5,2,75.39,6.37,-16.24,1,3,EASIER,0,-1
Connect Cards,1,87.54,6.08,0,0,78.83,6.17,8.71,0,2,HARDER,2,1
N-Back,1,83.37,3.47,0,0,72.94,3.65,10.43,0,3,HARDER,2,1
N-Back,1,71.59,3.75,4,0,72.22,4.66,-0.63,0,2,SAME,1,0
Sequence,3,56.07,4.72,4,0,85.8,4.06,-29.73,0,1,EASIER,0,-1
Face Recognition,3,46.75,6.21,8,0,46.75,6.21,0.0,1,0,EASIER,0,-1
Sequence,2,50.24,4.26,4,0,85.34,4.64,-35.1,0,3,EASIER,0,-1
N-Back,2,60.87,4.83,4,0,84.31,3.64,-23.44,0,2,EASIER,0,-1
N-Back,1,56.81,3.21,3,0,64.83,4.15,-8.02,0,3,SAME,1,0
Face Recognition,2,33.57,6.12,4,0,15.0,7.0,18.57,2,1,EASIER,0,-1
Face Recognition,2,65.5,4.95,6,0,100.0,4.57,-34.5,0,4,EASIER,0,-1
N-Back,2,65.67,4.14,3,0,55.81,3.81,9.86,0,2,SAME,1,0
Sequence,2,19.17,6.19,13,0,19.17,6.19,0.0,1,0,EASIER,0,-1
Memory Association,1,94.22,8.67,1,1,74.73,8.86,19.49,0,2,HARDER,2,1
N-Back,3,51.57,5.03,6,0,74.75,5.26,-23.18,0,2,EASIER,0,-1
N-Back,1,62.64,3.15,4,0,67.58,3.65,-4.94,0,3,SAME,1,0
N-Back,2,57.24,5.43,4,0,83.08,5.03,-25.84,0,6,EASIER,0,-1
N-Back,1,93.2,3.88,0,0,59.23,4.43,33.97,0,6,HARDER,2,1
Sequence,1,87.31,4.72,3,0,62.58,5.0,24.73,0,5,HARDER,2,1
Memory Association,1,87.93,6.13,3,0,70.02,6.25,17.91,0,4,HARDER,2,1
Face Recognition,1,82.15,4.86,2,0,66.76,5.15,15.39,0,1,HARDER,2,1
Face Recognition,1,59.83,3.59,5,0,54.65,3.79,5.18,0,3,SAME,1,0
Face Recognition,1,74.23,5.1,3,0,61.72,4.26,12.51,0,2,SAME,1,0
N-Back,1,83.7,3.54,1,0,64.71,4.4,18.99,0,3,HARDER,2,1
Sequence,2,71.71,6.19,2,0,87.78,5.23,-16.07,0,5,SAME,1,0
Sequence,1,94.28,5.6,0,0,84.28,5.66,10.0,0,1,HARDER,2,1
Memory Association,1,87.66,5.93,3,0,67.96,7.67,19.7,0,2,HARDER,2,1
Memory Association,1,82.71,5.96,1,0,49.7,6.96,33.01,0,4,HARDER,2,1
Face Recognition,2,25.31,5.82,7,1,71.44,3.75,-46.13,1,2,EASIER,0,-1
N-Back,2,53.75,4.13,5,0,93.09,3.28,-39.34,0,2,EASIER,0,-1
N-Back,4,92.66,3.86,2,0,78.23,3.71,14.43,0,4,HARDER,2,1
N-Back,2,49.09,4.99,7,0,63.64,3.79,-14.55,1,3,EASIER,0,-1
Connect Cards,3,46.38,6.6,5,1,56.04,5.39,-9.66,1,1,EASIER,0,-1
Face Recognition,2,86.6,4.01,3,0,78.58,4.31,8.02,0,1,SAME,1,0
Sequence,2,71.98,6.11,6,2,73.62,5.07,-1.64,1,4,EASIER,0,-1
Connect Cards,3,48.54,10.41,4,2,48.54,10.41,0.0,1,0,EASIER,0,-1
Face Recognition,3,61.49,5.7,3,2,61.94,6.26,-0.45,1,4,EASIER,0,-1
Face Recognition,3,63.15,5.1,3,1,80.67,4.21,-17.52,0,5,EASIER,0,-1
Face Recognition,3,15.0,7.0,6,1,15.0,7.0,0.0,1,0,EASIER,0,-1
Face Recognition,1,66.41,6.04,5,1,72.69,5.85,-6.28,0,2,SAME,1,0
Face Recognition,1,62.62,4.52,5,0,83.61,5.31,-20.99,0,5,SAME,1,0
Connect Cards,2,57.36,6.04,7,0,80.56,7.39,-23.2,0,2,EASIER,0,-1
Connect Cards,3,54.53,5.48,6,0,74.71,5.01,-20.18,0,1,EASIER,0,-1
Connect Cards,1,84.79,4.82,2,0,51.24,5.13,33.55,0,3,HARDER,2,1
Sequence,3,50.28,5.1,7,1,80.52,4.38,-30.24,0,1,EASIER,0,-1
N-Back,2,47.53,5.26,8,1,78.58,3.96,-31.05,1,4,EASIER,0,-1
N-Back,3,61.64,4.26,4,0,90.17,4.08,-28.53,0,2,EASIER,0,-1
Memory Association,3,47.6,8.3,6,1,60.11,6.88,-12.51,1,4,EASIER,0,-1
N-Back,2,97.87,4.71,1,0,77.75,4.57,20.12,0,2,HARDER,2,1
Sequence,1,61.27,3.9,7,0,76.65,5.02,-15.38,0,4,SAME,1,0
N-Back,3,51.81,4.0,4,0,72.5,4.59,-20.69,0,1,EASIER,0,-1
N-Back,2,91.32,4.36,2,0,78.51,4.21,12.81,0,3,HARDER,2,1
Sequence,2,60.72,5.11,5,0,84.79,5.45,-24.07,0,3,EASIER,0,-1
Memory Association,5,68.95,7.1,4,0,80.29,7.39,-11.34,0,4,SAME,1,0
N-Back,2,55.91,3.78,3,0,76.44,3.62,-20.53,0,3,EASIER,0,-1
N-Back,3,58.31,4.04,3,0,80.02,3.4,-21.71,0,3,EASIER,0,-1
Sequence,1,90.08,5.24,2,0,79.44,4.49,10.64,0,4,HARDER,2,1
Memory Association,2,83.24,7.96,2,0,64.8,8.35,18.44,0,3,HARDER,2,1
Sequence,3,82.14,7.07,3,1,86.4,6.57,-4.26,0,2,SAME,1,0
Face Recognition,1,83.89,4.68,2,0,64.65,5.27,19.24,0,2,HARDER,2,1
N-Back,3,84.08,3.72,1,0,89.52,3.66,-5.44,0,4,SAME,1,0
Face Recognition,2,93.46,5.49,0,0,99.12,5.28,-5.66,0,0,HARDER,2,1
Connect Cards,4,82.3,5.89,3,0,77.58,5.5,4.72,0,2,SAME,1,0
N-Back,2,90.17,4.08,1,0,74.59,3.96,15.58,0,4,HARDER,2,1
Face Recognition,3,59.26,5.41,3,0,62.88,6.08,-3.62,0,4,SAME,1,0
N-Back,2,67.08,3.31,4,0,73.52,3.3,-6.44,0,2,SAME,1,0
Connect Cards,1,93.81,4.85,0,0,85.94,5.13,7.87,0,1,HARDER,2,1
Connect Cards,2,71.76,4.74,3,0,60.42,5.98,11.34,0,1,SAME,1,0
N-Back,1,69.35,3.53,3,0,59.19,3.84,10.16,0,1,SAME,1,0
Face Recognition,3,79.9,4.09,3,0,81.7,4.48,-1.8,0,2,SAME,1,0
N-Back,3,63.17,3.67,4,0,100.0,3.78,-36.83,0,3,EASIER,0,-1
Sequence,1,93.05,4.68,0,0,63.32,6.09,29.73,0,4,HARDER,2,1
Sequence,2,85.71,5.21,0,0,62.91,5.04,22.8,0,2,HARDER,2,1
Face Recognition,2,21.98,5.56,9,0,87.97,3.81,-65.99,1,6,EASIER,0,-1
Face Recognition,2,62.22,5.55,6,0,81.3,4.15,-19.08,0,3,EASIER,0,-1
Sequence,1,39.18,5.93,3,0,46.28,6.05,-7.1,2,4,SAME,1,0
Connect Cards,1,83.59,5.33,0,0,64.25,4.49,19.34,0,2,HARDER,2,1
Sequence,2,42.59,6.14,5,1,36.68,7.33,5.91,2,1,EASIER,0,-1
N-Back,1,94.95,3.74,0,0,87.44,3.94,7.51,0,4,HARDER,2,1
Memory Association,3,93.72,6.01,0,1,82.1,6.05,11.62,0,1,HARDER,2,1
Face Recognition,1,100.0,3.56,0,0,90.84,4.21,9.16,0,3,HARDER,2,1
N-Back,2,48.4,6.38,5,0,81.59,5.3,-33.19,1,3,EASIER,0,-1
Memory Association,2,74.55,6.05,4,0,86.36,7.19,-11.81,0,6,SAME,1,0
Face Recognition,1,84.14,4.95,0,0,58.87,4.27,25.27,0,1,HARDER,2,1
Memory Association,1,62.82,6.55,3,0,46.67,7.76,16.15,0,1,SAME,1,0
Connect Cards,3,84.0,7.81,1,0,62.87,7.83,21.13,0,4,HARDER,2,1
Memory Association,1,88.77,5.93,0,0,72.51,6.16,16.26,0,2,HARDER,2,1
Connect Cards,1,88.01,5.16,1,0,72.75,5.43,15.26,0,3,HARDER,2,1
N-Back,2,93.72,2.81,2,0,86.04,2.93,7.68,0,3,HARDER,2,1
Sequence,2,59.26,5.95,2,0,93.81,4.58,-34.55,0,1,EASIER,0,-1
Memory Association,1,88.95,7.34,0,0,64.94,6.98,24.01,0,4,HARDER,2,1
Sequence,1,39.01,6.82,7,0,74.11,5.22,-35.1,1,0,SAME,1,0
Face Recognition,2,86.41,5.27,2,0,86.1,6.09,0.31,0,4,SAME,1,0
Connect Cards,1,95.01,5.84,1,0,72.13,6.88,22.88,0,5,HARDER,2,1
Sequence,1,89.14,5.27,0,0,70.38,4.56,18.76,0,4,HARDER,2,1
Face Recognition,2,96.56,4.63,1,0,79.06,4.13,17.5,0,2,HARDER,2,1
Connect Cards,2,61.32,6.93,5,0,80.65,5.77,-19.33,0,2,EASIER,0,-1
Sequence,1,74.97,6.04,4,0,68.2,5.64,6.77,0,1,SAME,1,0
Memory Association,1,96.72,7.59,0,0,79.61,7.51,17.11,0,4,HARDER,2,1
Memory Association,3,90.11,8.85,0,1,90.85,9.65,-0.74,0,3,HARDER,2,1
Face Recognition,2,55.06,5.6,7,0,76.01,5.36,-20.95,0,3,EASIER,0,-1
N-Back,3,48.94,5.32,5,0,67.13,4.11,-18.19,1,4,EASIER,0,-1
N-Back,2,73.03,4.51,4,0,97.85,4.9,-24.82,0,3,SAME,1,0
Face Recognition,2,93.98,3.43,0,0,99.27,3.58,-5.29,0,3,HARDER,2,1
Face Recognition,1,58.37,5.25,6,0,50.6,5.52,7.77,0,2,SAME,1,0
Face Recognition,2,84.95,4.51,3,0,49.97,8.33,34.98,0,1,HARDER,2,1
Connect Cards,2,44.46,6.5,3,1,80.01,5.25,-35.55,1,2,EASIER,0,-1
Connect Cards,4,57.54,4.81,5,0,84.68,4.98,-27.14,0,1,EASIER,0,-1
Sequence,2,74.95,5.25,5,0,73.02,4.97,1.93,0,3,SAME,1,0
Connect Cards,1,90.4,6.44,0,1,66.97,6.17,23.43,0,0,HARDER,2,1
Sequence,2,35.46,4.33,5,0,80.25,4.35,-44.79,1,2,EASIER,0,-1
Face Recognition,1,100.0,4.39,0,0,78.94,4.09,21.06,0,2,HARDER,2,1
Memory Association,2,83.62,7.48,3,0,64.71,9.46,18.91,0,2,HARDER,2,1
Face Recognition,3,47.62,5.9,7,0,59.55,4.11,-11.93,1,1,EASIER,0,-1
Memory Association,2,70.03,7.63,2,1,88.23,6.47,-18.2,0,2,SAME,1,0
Sequence,3,48.32,7.98,5,0,48.32,7.98,0.0,1,0,EASIER,0,-1
Face Recognition,2,83.01,4.32,2,0,53.13,4.34,29.88,0,0,HARDER,2,1
N-Back,2,99.13,3.15,2,0,86.51,2.91,12.62,0,2,HARDER,2,1
N-Back,2,71.49,4.65,3,0,98.76,3.85,-27.27,0,5,EASIER,0,-1
Connect Cards,2,71.81,6.92,5,2,77.09,7.42,-5.28,1,4,EASIER,0,-1
Memory Association,2,52.85,7.21,6,1,72.92,6.78,-20.07,0,0,EASIER,0,-1
N-Back,2,80.35,4.6,3,0,80.35,4.6,0.0,0,0,SAME,1,0
N-Back,3,44.57,6.22,5,0,71.38,4.4,-26.81,1,2,EASIER,0,-1
Sequence,1,84.37,4.27,2,0,60.02,5.06,24.35,0,6,HARDER,2,1
Connect Cards,3,66.29,5.41,6,0,89.78,6.65,-23.49,0,3,EASIER,0,-1
N-Back,1,51.73,3.35,6,0,59.8,4.17,-8.07,0,2,SAME,1,0
N-Back,4,92.36,3.63,1,0,78.28,3.88,14.08,0,0,HARDER,2,1
Connect Cards,1,91.24,5.38,2,0,67.5,5.6,23.74,0,4,HARDER,2,1
Memory Association,4,73.19,8.02,4,1,93.41,7.63,-20.22,0,4,EASIER,0,-1
Memory Association,1,61.51,8.09,4,2,53.08,8.11,8.43,1,5,SAME,1,0
Face Recognition,1,85.71,4.64,0,0,63.98,5.28,21.73,0,1,HARDER,2,1
N-Back,2,84.43,3.71,3,0,59.82,3.93,24.61,0,4,HARDER,2,1
Sequence,2,81.17,5.74,2,1,83.62,5.26,-2.45,0,3,SAME,1,0
Face Recognition,1,99.81,4.34,1,0,66.35,4.69,33.46,0,1,HARDER,2,1
Memory Association,2,61.13,9.2,5,1,79.99,9.93,-18.86,0,4,EASIER,0,-1
Connect Cards,2,54.2,6.45,5,0,76.33,6.14,-22.13,0,3,EASIER,0,-1
Face Recognition,3,91.46,3.8,2,0,79.58,3.76,11.88,0,3,HARDER,2,1
Face Recognition,2,88.55,5.06,0,0,68.39,5.55,20.16,0,1,HARDER,2,1
N-Back,3,78.43,3.12,3,0,90.24,3.61,-11.81,0,3,SAME,1,0
Connect Cards,3,68.16,5.27,5,0,91.98,5.92,-23.82,0,2,EASIER,0,-1
Memory Association,1,83.06,6.51,2,0,49.23,7.61,33.83,0,6,HARDER,2,1
N-Back,4,36.76,5.89,10,1,95.35,4.58,-58.59,1,4,EASIER,0,-1
Face Recognition,1,80.27,4.82,3,0,75.77,3.91,4.5,0,2,SAME,1,0
Memory Association,1,67.82,5.31,5,0,68.37,6.44,-0.55,0,4,SAME,1,0
Face Recognition,3,62.13,4.65,6,0,92.8,3.7,-30.67,0,0,EASIER,0,-1
N-Back,3,63.87,4.35,5,0,62.08,4.26,1.79,0,2,SAME,1,0
N-Back,1,81.39,4.07,1,0,59.8,4.44,21.59,0,5,HARDER,2,1
Face Recognition,3,70.67,5.1,5,1,63.14,5.49,7.53,0,4,SAME,1,0
Sequence,2,44.78,6.56,6,0,59.74,5.46,-14.96,1,1,EASIER,0,-1
Sequence,1,54.61,6.3,5,0,60.86,6.61,-6.25,0,3,SAME,1,0
Memory Association,3,95.23,7.04,2,0,73.26,7.89,21.97,0,3,HARDER,2,1
Connect Cards,2,51.56,6.4,8,0,80.47,6.95,-28.91,0,1,EASIER,0,-1
Face Recognition,1,85.75,3.61,1,0,48.55,5.36,37.2,0,3,HARDER,2,1
Sequence,1,88.32,5.35,3,0,72.87,5.82,15.45,0,3,HARDER,2,1
Face Recognition,1,66.83,4.28,3,0,77.97,4.87,-11.14,0,1,SAME,1,0
Memory Association,2,58.58,7.63,4,2,58.58,7.63,0.0,1,0,EASIER,0,-1
Memory Association,1,60.96,5.38,4,0,67.75,6.5,-6.79,0,1,SAME,1,0
Connect Cards,2,62.87,5.5,5,0,85.0,5.18,-22.13,0,4,EASIER,0,-1
N-Back,2,88.53,4.99,2,0,92.17,4.9,-3.64,0,0,SAME,1,0
Memory Association,3,85.82,5.28,0,0,76.74,6.35,9.08,0,2,HARDER,2,1
Memory Association,2,46.67,7.76,8,1,76.64,7.03,-29.97,1,2,EASIER,0,-1
Connect Cards,3,42.9,7.94,4,1,59.17,7.16,-16.27,1,2,EASIER,0,-1
Sequence,2,91.73,4.49,1,0,80.83,4.54,10.9,0,3,HARDER,2,1
Connect Cards,3,70.69,5.34,5,0,67.9,6.67,2.79,0,3,SAME,1,0
N-Back,2,56.42,4.9,5,0,93.2,3.88,-36.78,0,7,EASIER,0,-1
Memory Association,2,77.94,6.73,3,1,80.56,6.49,-2.62,0,0,SAME,1,0
Sequence,2,69.87,5.36,5,0,91.14,5.28,-21.27,0,2,EASIER,0,-1
Face Recognition,2,93.54,4.88,1,0,52.48,4.74,41.06,0,4,HARDER,2,1
Sequence,1,83.81,5.57,2,0,44.78,6.56,39.03,0,2,HARDER,2,1
Face Recognition,2,63.01,4.59,4,0,56.34,3.46,6.67,0,5,SAME,1,0
Sequence,3,46.94,7.17,5,0,84.32,5.37,-37.38,1,2,EASIER,0,-1
Connect Cards,1,94.18,5.97,0,0,83.8,6.18,10.38,0,2,HARDER,2,1
Sequence,2,84.91,4.97,0,0,78.43,4.64,6.48,0,3,SAME,1,0
N-Back,2,89.49,3.04,3,0,74.45,3.29,15.04,0,4,HARDER,2,1
Memory Association,2,50.62,8.23,7,1,50.62,8.23,0.0,0,0,SAME,1,0
Sequence,4,64.73,5.42,4,0,91.29,4.76,-26.56,0,3,EASIER,0,-1
Face Recognition,4,60.29,5.18,4,0,91.46,5.35,-31.17,0,2,EASIER,0,-1
Connect Cards,1,65.72,6.21,4,0,69.58,6.13,-3.86,0,4,SAME,1,0
Connect Cards,1,75.34,4.81,3,0,84.6,5.4,-9.26,0,3,SAME,1,0
Sequence,1,75.31,3.91,4,0,82.41,4.82,-7.1,0,1,SAME,1,0
Face Recognition,4,95.22,4.36,1,0,82.96,5.16,12.26,0,2,HARDER,2,1
Memory Association,2,51.13,7.06,3,1,64.34,5.84,-13.21,0,4,EASIER,0,-1
Memory Association,2,68.09,6.97,3,2,89.66,7.83,-21.57,1,7,EASIER,0,-1
Sequence,1,45.4,7.2,8,1,62.7,5.42,-17.3,1,4,SAME,1,0
Face Recognition,1,90.83,5.36,3,0,71.09,4.67,19.74,0,4,HARDER,2,1
Memory Association,2,48.87,11.89,6,2,63.06,7.48,-14.19,1,4,EASIER,0,-1
Face Recognition,1,100.0,5.7,1,0,60.96,4.9,39.04,0,2,HARDER,2,1
Connect Cards,1,86.15,5.72,2,0,78.75,6.43,7.4,0,3,SAME,1,0
Sequence,2,89.25,4.39,0,0,50.23,4.12,39.02,0,4,HARDER,2,1
N-Back,1,40.87,5.1,7,0,26.58,5.4,14.29,9,2,SAME,1,0
Face Recognition,2,39.82,5.51,8,0,39.82,5.51,0.0,1,0,EASIER,0,-1
Memory Association,1,94.02,5.43,1,0,58.61,6.93,35.41,0,1,HARDER,2,1
Sequence,2,85.25,4.77,1,0,91.47,3.76,-6.22,0,2,SAME,1,0
N-Back,1,78.11,3.14,1,0,67.12,3.51,10.99,0,3,SAME,1,0
Sequence,2,61.15,5.92,4,0,65.16,5.76,-4.01,0,3,SAME,1,0
Face Recognition,1,70.08,4.97,4,0,56.1,4.77,13.98,0,3,SAME,1,0
N-Back,3,91.77,3.08,2,0,77.27,3.8,14.5,0,6,HARDER,2,1
Connect Cards,2,83.66,7.78,3,0,82.13,6.06,1.53,0,6,SAME,1,0
Sequence,1,80.46,5.67,2,0,86.56,5.1,-6.1,0,1,SAME,1,0
Face Recognition,2,62.12,5.96,4,0,84.67,6.19,-22.55,0,2,EASIER,0,-1
Sequence,2,61.81,5.94,5,0,84.06,4.81,-22.25,0,1,EASIER,0,-1
Memory Association,3,66.61,6.94,4,2,88.85,7.57,-22.24,1,1,EASIER,0,-1
N-Back,2,61.49,3.08,4,0,94.62,2.92,-33.13,0,2,EASIER,0,-1
Connect Cards,2,42.8,5.55,6,0,65.72,5.88,-22.92,1,0,EASIER,0,-1
Connect Cards,4,51.15,6.67,8,0,86.51,5.51,-35.36,0,3,EASIER,0,-1
Sequence,1,91.68,5.53,1,0,38.52,7.74,53.16,0,3,HARDER,2,1
Sequence,3,88.31,6.65,0,1,48.45,6.75,39.86,0,2,HARDER,2,1
Connect Cards,5,65.25,6.9,3,0,91.93,5.47,-26.68,0,3,EASIER,0,-1
Face Recognition,2,74.78,5.32,2,1,71.17,5.77,3.61,0,8,SAME,1,0
Connect Cards,1,46.77,5.73,4,0,67.92,4.73,-21.15,1,5,SAME,1,0
Memory Association,1,84.01,6.95,2,0,67.57,7.95,16.44,0,1,HARDER,2,1
N-Back,1,77.32,4.24,4,0,82.16,4.63,-4.84,0,3,SAME,1,0
Connect Cards,4,62.22,4.93,5,0,96.86,4.52,-34.64,0,2,EASIER,0,-1
Sequence,1,50.48,3.93,5,0,58.66,4.72,-8.18,0,5,SAME,1,0
Connect Cards,3,48.73,5.45,4,0,48.73,5.45,0.0,1,0,EASIER,0,-1
Memory Association,1,91.2,7.36,0,1,78.83,8.08,12.37,0,3,HARDER,2,1
N-Back,2,64.83,4.15,4,0,89.23,3.19,-24.4,0,3,EASIER,0,-1
Memory Association,2,53.16,7.6,4,2,59.37,6.39,-6.21,1,2,EASIER,0,-1
Sequence,2,59.25,6.27,5,1,96.33,5.34,-37.08,0,1,EASIER,0,-1
Sequence,1,66.16,5.4,6,0,73.14,6.68,-6.98,0,3,SAME,1,0
Connect Cards,3,92.64,5.94,2,0,84.81,6.78,7.83,0,3,HARDER,2,1
Face Recognition,1,63.3,5.46,1,1,78.3,4.82,-15.0,0,5,SAME,1,0
Connect Cards,2,56.75,5.24,3,0,85.66,4.65,-28.91,0,1,EASIER,0,-1
Memory Association,2,83.65,7.27,1,0,83.69,5.56,-0.04,0,3,SAME,1,0
Face Recognition,3,18.27,6.33,6,0,80.27,4.78,-62.0,1,1,EASIER,0,-1
Sequence,2,69.22,5.6,2,1,96.01,6.68,-26.79,0,1,SAME,1,0
Connect Cards,1,99.64,6.15,0,0,63.54,6.09,36.1,0,3,HARDER,2,1
Connect Cards,2,85.57,7.07,2,1,86.05,5.92,-0.48,0,3,SAME,1,0
N-Back,3,58.69,5.14,5,0,81.97,5.16,-23.28,0,3,EASIER,0,-1
Connect Cards,1,60.55,7.24,5,1,45.7,7.69,14.85,0,3,SAME,1,0
Face Recognition,3,94.43,5.33,1,0,60.76,5.87,33.67,0,2,HARDER,2,1
Connect Cards,2,72.45,4.59,2,0,67.71,5.35,4.74,0,2,SAME,1,0
Sequence,1,79.6,4.79,0,0,60.72,5.11,18.88,0,4,HARDER,2,1
N-Back,1,83.09,3.19,2,0,64.31,3.56,18.78,0,1,HARDER,2,1
Memory Association,1,81.91,7.67,0,1,68.01,9.33,13.9,0,2,SAME,1,0
Connect Cards,2,49.23,6.77,6,0,84.06,5.71,-34.83,1,3,EASIER,0,-1
Face Recognition,3,47.15,6.19,4,0,66.11,5.7,-18.96,1,1,EASIER,0,-1
Memory Association,1,54.01,7.8,5,2,53.73,8.01,0.28,1,3,SAME,1,0
Face Recognition,1,100.0,3.72,0,0,52.47,3.82,47.53,0,2,HARDER,2,1
N-Back,1,56.68,3.61,6,0,69.7,3.8,-13.02,0,5,SAME,1,0
N-Back,1,72.22,4.19,3,0,78.54,3.58,-6.32,0,1,SAME,1,0
Connect Cards,2,61.64,4.94,3,0,88.01,5.16,-26.37,0,4,EASIER,0,-1
Sequence,1,82.32,5.38,2,0,50.43,5.41,31.89,0,1,HARDER,2,1
Face Recognition,2,57.07,4.04,3,0,92.05,4.13,-34.98,0,3,EASIER,0,-1
N-Back,3,84.3,3.25,1,0,78.89,3.04,5.41,0,7,SAME,1,0
N-Back,4,90.66,3.84,1,0,80.71,4.31,9.95,0,1,HARDER,2,1
N-Back,2,75.48,3.56,3,0,69.78,3.39,5.7,0,7,SAME,1,0
N-Back,1,86.99,4.08,2,0,57.56,4.66,29.43,0,4,HARDER,2,1
Sequence,2,62.61,5.18,4,1,48.32,7.98,14.29,0,1,SAME,1,0
Connect Cards,3,44.41,6.85,8,0,62.96,5.51,-18.55,1,2,EASIER,0,-1
Memory Association,2,35.49,7.89,9,2,47.05,7.12,-11.56,2,2,EASIER,0,-1
Memory Association,1,87.98,8.53,1,0,53.98,8.81,34.0,0,2,HARDER,2,1
Face Recognition,1,95.47,3.05,1,0,95.47,3.05,0.0,0,0,HARDER,2,1
Sequence,2,62.08,6.77,4,1,90.04,5.6,-27.96,0,3,EASIER,0,-1
Connect Cards,1,68.17,5.2,6,0,79.09,6.48,-10.92,0,5,SAME,1,0
Sequence,3,61.14,7.18,5,0,61.14,7.18,0.0,0,0,SAME,1,0
Connect Cards,2,77.92,6.64,3,1,80.62,6.21,-2.7,0,5,SAME,1,0
N-Back,2,41.22,3.77,4,0,58.6,4.03,-17.38,1,1,EASIER,0,-1
Connect Cards,2,43.61,5.82,8,0,53.98,5.95,-10.37,1,4,EASIER,0,-1
Connect Cards,2,53.91,4.6,6,0,75.52,5.63,-21.61,0,2,EASIER,0,-1
Face Recognition,3,77.86,4.93,4,0,89.98,4.73,-12.12,0,3,SAME,1,0
Connect Cards,1,87.24,5.01,1,0,86.83,5.9,0.41,0,1,SAME,1,0
Connect Cards,2,88.36,4.59,1,0,71.63,5.19,16.73,0,1,HARDER,2,1
N-Back,3,48.69,4.18,5,0,68.72,3.38,-20.03,1,2,EASIER,0,-1
Sequence,2,78.83,5.01,3,0,59.26,5.97,19.57,0,1,SAME,1,0
Memory Association,2,45.99,11.15,5,1,50.75,6.91,-4.76,1,4,EASIER,0,-1
Face Recognition,1,65.57,3.93,5,0,33.92,5.63,31.65,0,2,SAME,1,0
Face Recognition,2,62.6,4.68,5,0,62.6,4.68,0.0,0,0,SAME,1,0
Sequence,1,90.65,5.01,0,0,84.15,5.74,6.5,0,2,HARDER,2,1
Sequence,2,66.38,6.39,3,0,72.31,4.96,-5.93,0,1,SAME,1,0
Sequence,2,68.61,4.9,1,0,62.43,5.52,6.18,0,2,SAME,1,0
N-Back,3,42.6,5.94,4,1,42.6,5.94,0.0,1,0,EASIER,0,-1
Sequence,1,96.01,6.68,0,0,78.52,5.93,17.49,0,1,HARDER,2,1
Connect Cards,1,88.69,5.58,0,0,52.5,5.7,36.19,0,5,HARDER,2,1
Face Recognition,1,62.95,4.88,3,0,54.71,5.6,8.24,0,2,SAME,1,0
Sequence,1,92.09,4.48,0,0,83.21,4.85,8.88,0,1,HARDER,2,1
Face Recognition,2,66.44,4.82,6,0,89.62,4.61,-23.18,0,1,EASIER,0,-1
Face Recognition,4,54.48,4.4,7,0,88.08,3.91,-33.6,0,2,EASIER,0,-1
Connect Cards,2,78.11,6.57,1,2,100.0,5.72,-21.89,1,3,EASIER,0,-1
Connect Cards,2,61.71,5.49,6,0,82.54,4.95,-20.83,0,4,EASIER,0,-1
Memory Association,2,52.49,7.59,4,2,71.15,8.81,-18.66,1,3,EASIER,0,-1
Face Recognition,2,27.28,5.19,10,0,52.44,4.4,-25.16,1,1,EASIER,0,-1
Sequence,1,99.79,5.8,0,0,80.41,5.32,19.38,0,2,HARDER,2,1
Memory Association,3,93.4,7.79,0,1,81.72,7.99,11.68,0,3,HARDER,2,1
Memory Association,2,66.96,9.74,3,2,81.94,9.21,-14.98,2,3,EASIER,0,-1
N-Back,2,76.69,3.42,1,0,100.0,3.63,-23.31,0,2,SAME,1,0
Face Recognition,2,59.48,5.17,6,0,74.68,4.17,-15.2,0,1,EASIER,0,-1
Memory Association,2,72.8,7.36,4,1,74.09,6.71,-1.29,0,3,SAME,1,0
Connect Cards,1,82.98,5.01,2,0,47.37,6.96,35.61,0,2,HARDER,2,1
Sequence,1,96.73,5.44,1,0,83.77,6.16,12.96,0,1,HARDER,2,1
Connect Cards,2,60.75,6.25,2,2,74.21,4.79,-13.46,1,1,EASIER,0,-1
Connect Cards,2,53.83,5.62,3,2,53.83,5.62,0.0,1,0,EASIER,0,-1
Sequence,2,72.58,4.98,4,0,89.2,5.12,-16.62,0,4,SAME,1,0
Memory Association,1,70.22,6.9,4,0,81.04,7.35,-10.82,0,2,SAME,1,0
Memory Association,2,44.57,6.29,4,2,64.05,6.86,-19.48,1,3,EASIER,0,-1
Memory Association,3,64.8,8.35,3,1,90.6,9.1,-25.8,0,2,EASIER,0,-1
Memory Association,2,82.18,9.14,3,2,74.58,9.8,7.6,2,2,EASIER,0,-1
Sequence,2,80.66,4.87,2,0,73.7,6.53,6.96,0,6,SAME,1,0
Memory Association,2,57.66,6.44,7,1,68.63,7.09,-10.97,0,1,EASIER,0,-1
N-Back,5,77.62,3.39,2,0,69.42,3.77,8.2,0,6,SAME,1,0
Memory Association,2,64.64,6.3,5,1,77.95,8.09,-13.31,0,2,EASIER,0,-1
N-Back,2,52.86,3.64,6,0,73.13,4.49,-20.27,0,2,EASIER,0,-1
Face Recognition,2,54.03,4.8,7,0,86.23,3.87,-32.2,0,4,EASIER,0,-1
N-Back,2,81.25,3.48,2,0,63.47,3.73,17.78,0,2,HARDER,2,1
Sequence,1,98.17,4.01,0,0,70.81,3.98,27.36,0,3,HARDER,2,1
Sequence,1,68.66,5.3,5,0,73.25,5.46,-4.59,0,5,SAME,1,0
N-Back,1,93.41,4.14,0,0,78.26,3.36,15.15,0,4,HARDER,2,1
Memory Association,2,45.21,6.71,7,0,60.45,5.59,-15.24,1,4,EASIER,0,-1
N-Back,1,78.54,4.01,4,0,66.61,3.51,11.93,0,4,SAME,1,0
N-Back,2,70.16,4.13,4,0,54.25,3.93,15.91,0,5,SAME,1,0
Memory Association,1,85.77,6.89,1,0,72.75,7.48,13.02,0,1,SAME,1,0
Connect Cards,2,56.44,6.68,6,0,68.95,7.27,-12.51,0,3,SAME,1,0
Face Recognition,1,76.56,3.82,2,0,65.57,3.93,10.99,0,3,SAME,1,0
Face Recognition,3,89.98,4.73,3,0,77.75,5.11,12.23,0,2,SAME,1,0
N-Back,3,86.76,3.96,0,0,90.54,3.48,-3.78,0,2,SAME,1,0
Face Recognition,2,63.14,4.97,6,0,95.43,5.93,-32.29,0,7,EASIER,0,-1
Connect Cards,2,58.29,5.81,4,0,85.91,6.95,-27.62,0,5,EASIER,0,-1
Face Recognition,2,50.66,3.78,5,0,74.05,3.55,-23.39,0,3,EASIER,0,-1
Face Recognition,2,82.26,3.49,2,0,80.07,4.09,2.19,0,4,SAME,1,0
Sequence,3,40.73,7.32,7,1,70.2,5.26,-29.47,1,5,EASIER,0,-1
Connect Cards,2,57.87,6.54,6,1,80.01,5.85,-22.14,0,3,EASIER,0,-1
Connect Cards,1,83.46,5.28,0,0,55.0,6.46,28.46,0,2,HARDER,2,1
Memory Association,1,74.49,8.88,2,2,73.16,8.56,1.33,1,3,SAME,1,0
Face Recognition,2,77.5,4.33,2,0,80.4,3.9,-2.9,0,4,SAME,1,0
Face Recognition,3,84.27,6.25,3,0,87.53,5.87,-3.26,0,1,SAME,1,0
Sequence,3,62.43,5.52,5,0,86.32,5.05,-23.89,0,1,EASIER,0,-1
Connect Cards,1,91.23,6.23,1,1,70.63,5.09,20.6,0,1,SAME,1,0
Sequence,3,70.22,6.81,5,1,91.51,5.68,-21.29,0,5,EASIER,0,-1
Memory Association,2,78.27,8.57,3,2,84.01,6.95,-5.74,1,2,EASIER,0,-1
Memory Association,3,54.08,7.97,4,2,52.9,8.2,1.18,1,1,EASIER,0,-1
Connect Cards,2,49.16,7.01,9,0,41.01,6.71,8.15,2,3,EASIER,0,-1
N-Back,4,90.06,3.97,0,0,70.9,3.38,19.16,0,2,HARDER,2,1
Connect Cards,3,71.42,6.07,3,1,82.92,5.61,-11.5,0,3,SAME,1,0
Sequence,2,63.32,6.09,6,1,79.26,4.64,-15.94,0,4,EASIER,0,-1
N-Back,3,57.27,4.15,6,0,77.64,4.22,-20.37,0,1,EASIER,0,-1
Sequence,2,93.92,4.7,1,0,85.65,5.14,8.27,0,4,HARDER,2,1
Face Recognition,1,88.38,4.57,0,0,60.17,5.56,28.21,0,5,HARDER,2,1
Face Recognition,4,69.77,5.33,2,0,94.11,5.37,-24.34,0,2,SAME,1,0
Sequence,2,91.34,4.29,0,0,76.59,5.35,14.75,0,2,HARDER,2,1
N-Back,2,89.21,3.44,1,0,70.09,4.0,19.12,0,3,HARDER,2,1
Sequence,1,54.75,5.24,4,0,64.92,5.14,-10.17,0,4,SAME,1,0
N-Back,3,41.0,4.46,6,0,81.25,3.48,-40.25,1,1,EASIER,0,-1
N-Back,3,44.12,5.12,9,0,83.26,3.78,-39.14,1,3,EASIER,0,-1
Sequence,3,55.25,4.83,3,0,87.06,5.55,-31.81,0,3,EASIER,0,-1
Connect Cards,2,77.93,6.71,4,2,44.74,8.72,33.19,2,2,EASIER,0,-1
N-Back,2,49.03,5.83,5,0,57.13,4.61,-8.1,1,2,EASIER,0,-1
N-Back,3,90.76,4.85,1,0,80.27,4.77,10.49,0,4,HARDER,2,1
Sequence,2,52.51,5.41,7,1,91.51,6.16,-39.0,0,7,EASIER,0,-1
N-Back,3,95.06,3.29,0,0,78.5,3.11,16.56,0,3,HARDER,2,1
Connect Cards,4,64.59,8.25,3,2,75.18,7.74,-10.59,1,4,EASIER,0,-1
Connect Cards,1,90.5,5.42,2,0,78.3,5.45,12.2,0,5,HARDER,2,1
Memory Association,1,94.46,6.6,0,0,69.18,6.51,25.28,0,2,HARDER,2,1
Sequence,1,73.33,6.57,3,0,82.5,5.74,-9.17,0,4,SAME,1,0
Face Recognition,1,91.59,4.09,1,0,73.38,3.98,18.21,0,2,HARDER,2,1
Memory Association,2,49.49,11.45,8,0,91.63,8.08,-42.14,1,7,EASIER,0,-1
Face Recognition,2,88.86,5.0,0,0,81.46,5.76,7.4,0,3,HARDER,2,1
Sequence,2,83.01,5.29,3,0,63.37,5.46,19.64,0,1,HARDER,2,1
Face Recognition,1,51.9,3.74,7,0,62.21,4.46,-10.31,0,4,SAME,1,0
Sequence,2,38.52,7.74,5,1,100.0,6.41,-61.48,1,4,EASIER,0,-1
Memory Association,2,60.17,7.41,4,1,93.94,5.57,-33.77,0,2,EASIER,0,-1
Face Recognition,2,63.45,5.45,6,1,32.53,6.17,30.92,0,1,SAME,1,0
Sequence,2,80.52,4.38,0,0,64.88,5.08,15.64,0,0,HARDER,2,1
N-Back,3,60.79,4.67,4,0,91.66,4.79,-30.87,0,1,EASIER,0,-1
Sequence,2,56.22,5.92,7,1,82.75,5.0,-26.53,0,2,EASIER,0,-1
Memory Association,2,56.95,7.94,5,0,78.59,8.0,-21.64,0,3,EASIER,0,-1
Face Recognition,1,82.15,3.88,1,0,46.41,5.56,35.74,0,4,HARDER,2,1
Face Recognition,2,47.35,4.91,4,0,59.34,5.69,-11.99,1,5,EASIER,0,-1
N-Back,3,49.51,4.7,8,0,65.45,3.13,-15.94,1,1,EASIER,0,-1
Face Recognition,1,81.68,4.37,3,0,61.1,4.67,20.58,0,4,HARDER,2,1
Sequence,2,83.04,5.27,3,0,81.97,6.14,1.07,0,2,SAME,1,0
Connect Cards,1,64.23,6.18,4,0,55.91,5.93,8.32,0,2,SAME,1,0
Sequence,1,57.67,4.92,5,0,70.82,4.74,-13.15,0,2,SAME,1,0
Connect Cards,1,85.89,4.57,1,0,50.73,4.59,35.16,0,0,HARDER,2,1
Connect Cards,3,56.46,5.11,3,0,100.0,5.35,-43.54,0,2,EASIER,0,-1
Connect Cards,2,64.59,4.89,5,0,73.99,5.27,-9.4,0,7,SAME,1,0
Memory Association,1,81.34,6.29,2,0,70.31,6.53,11.03,0,3,SAME,1,0
Connect Cards,2,46.83,7.98,7,0,66.26,6.03,-19.43,1,1,EASIER,0,-1
Connect Cards,1,94.89,6.82,2,0,75.15,7.39,19.74,0,3,HARDER,2,1
N-Back,2,35.45,5.03,10,1,72.53,4.6,-37.08,1,3,EASIER,0,-1
Memory Association,1,79.54,7.08,2,1,57.66,6.44,21.88,0,2,SAME,1,0
Face Recognition,2,90.54,3.8,2,0,86.93,4.02,3.61,0,1,HARDER,2,1
Connect Cards,3,56.16,7.02,3,2,51.11,7.24,5.05,1,2,EASIER,0,-1
Connect Cards,1,66.25,6.18,4,1,84.64,5.98,-18.39,0,3,SAME,1,0
Connect Cards,1,60.82,6.81,6,1,63.48,5.31,-2.66,0,5,SAME,1,0
Connect Cards,1,70.92,4.77,5,0,53.91,4.6,17.01,0,3,SAME,1,0
Connect Cards,1,56.25,5.2,6,0,61.34,4.39,-5.09,0,4,SAME,1,0
Memory Association,1,81.45,6.81,1,0,59.43,7.51,22.02,0,3,HARDER,2,1
N-Back,5,85.13,3.87,4,0,80.68,4.16,4.45,0,4,SAME,1,0
Connect Cards,2,88.37,5.58,0,0,59.17,5.65,29.2,0,3,HARDER,2,1
Face Recognition,1,64.46,5.01,5,0,75.94,4.95,-11.48,0,2,SAME,1,0
N-Back,3,61.55,3.91,4,0,100.0,3.49,-38.45,0,1,EASIER,0,-1
Face Recognition,1,57.82,4.52,7,0,74.93,4.93,-17.11,0,4,SAME,1,0
Connect Cards,3,56.91,6.5,3,1,79.4,6.41,-22.49,0,2,EASIER,0,-1
Memory Association,2,60.69,6.16,3,0,84.56,6.08,-23.87,0,4,EASIER,0,-1
Connect Cards,1,100.0,5.72,0,0,82.97,6.57,17.03,0,2,HARDER,2,1
Face Recognition,2,70.86,6.14,3,0,84.06,5.91,-13.2,0,2,SAME,1,0
Connect Cards,2,94.16,5.16,1,0,83.23,5.44,10.93,0,3,HARDER,2,1
N-Back,2,59.8,4.17,4,0,83.37,3.47,-23.57,0,3,EASIER,0,-1
N-Back,2,92.6,3.31,2,0,81.36,3.84,11.24,0,5,HARDER,2,1
Connect Cards,1,45.57,4.9,9,0,50.45,4.46,-4.88,1,3,SAME,1,0
Face Recognition,2,61.72,4.0,3,0,85.34,3.75,-23.62,0,3,EASIER,0,-1
N-Back,3,86.87,4.84,0,0,81.4,5.19,5.47,0,1,HARDER,2,1
Sequence,4,88.15,5.31,1,0,64.5,5.41,23.65,0,6,HARDER,2,1
N-Back,3,65.79,5.16,3,0,92.06,4.09,-26.27,0,2,EASIER,0,-1
N-Back,3,45.49,5.78,4,0,65.37,3.99,-19.88,1,4,EASIER,0,-1
Memory Association,2,95.71,7.34,1,0,70.77,8.49,24.94,0,1,HARDER,2,1
N-Back,3,56.77,4.17,3,0,83.44,4.49,-26.67,0,6,EASIER,0,-1
Connect Cards,3,67.9,6.67,3,0,70.46,5.42,-2.56,0,3,SAME,1,0
Sequence,2,62.83,6.48,4,2,54.36,6.08,8.47,1,1,EASIER,0,-1
Memory Association,1,73.42,8.19,4,0,52.85,7.93,20.57,0,4,SAME,1,0
Connect Cards,2,83.86,4.95,2,0,56.28,5.58,27.58,0,3,HARDER,2,1
Face Recognition,2,88.75,4.87,2,0,72.6,4.24,16.15,0,2,SAME,1,0
Memory Association,2,74.85,5.85,5,1,75.12,6.32,-0.27,0,4,SAME,1,0
Face Recognition,2,68.32,4.88,3,0,39.74,6.83,28.58,0,3,SAME,1,0
Connect Cards,1,90.54,6.58,1,0,62.16,6.06,28.38,0,3,HARDER,2,1
Memory Association,1,80.93,7.11,2,0,59.1,7.71,21.83,0,4,HARDER,2,1
Sequence,1,52.39,4.75,6,0,52.09,4.68,0.3,0,0,SAME,1,0
Memory Association,1,82.14,6.36,0,1,58.37,7.81,23.77,0,3,HARDER,2,1
Connect Cards,2,97.6,5.66,0,0,83.83,5.63,13.77,0,2,HARDER,2,1
Sequence,3,53.9,6.18,6,0,60.42,6.72,-6.52,0,3,SAME,1,0
Connect Cards,2,100.0,6.5,1,1,68.19,6.49,31.81,0,3,HARDER,2,1
Face Recognition,2,25.08,6.56,9,0,83.25,5.57,-58.17,1,2,EASIER,0,-1
Connect Cards,2,73.8,5.84,3,0,85.43,6.3,-11.63,0,2,SAME,1,0
N-Back,2,80.78,3.02,3,0,79.64,3.2,1.14,0,2,SAME,1,0
Memory Association,1,90.73,7.02,0,0,70.85,7.65,19.88,0,2,HARDER,2,1
Face Recognition,2,49.61,6.28,7,1,60.49,5.59,-10.88,1,1,EASIER,0,-1
N-Back,5,71.78,3.59,5,0,79.61,3.56,-7.83,0,3,SAME,1,0
N-Back,3,59.82,3.93,5,0,86.76,3.96,-26.94,0,3,EASIER,0,-1
Connect Cards,2,75.14,6.43,4,0,83.66,7.78,-8.52,0,7,SAME,1,0
Memory Association,2,48.28,7.28,8,1,73.1,7.61,-24.82,1,1,EASIER,0,-1
Face Recognition,3,62.93,5.98,4,0,84.38,4.67,-21.45,0,3,EASIER,0,-1
Sequence,3,93.63,5.26,0,0,88.71,4.32,4.92,0,3,HARDER,2,1
Sequence,1,80.44,4.43,2,0,64.93,5.2,15.51,0,1,HARDER,2,1
Connect Cards,2,59.5,5.69,5,1,58.73,4.48,0.77,0,1,EASIER,0,-1
Face Recognition,4,47.38,7.66,5,1,81.87,5.05,-34.49,1,2,EASIER,0,-1
N-Back,1,79.64,3.79,2,0,68.13,4.36,11.51,0,2,SAME,1,0
Sequence,2,63.34,4.74,3,0,62.85,4.62,0.49,0,2,SAME,1,0
N-Back,1,76.65,3.1,2,0,72.0,3.41,4.65,0,4,SAME,1,0
Sequence,2,52.67,4.67,6,0,83.11,4.52,-30.44,0,2,EASIER,0,-1
Face Recognition,1,68.4,5.03,3,0,59.48,5.17,8.92,0,1,SAME,1,0
Face Recognition,3,62.39,5.89,4,0,90.11,5.89,-27.72,0,1,EASIER,0,-1
Face Recognition,2,80.13,3.93,2,0,62.41,5.04,17.72,0,4,HARDER,2,1
Memory Association,1,59.83,7.73,4,2,67.4,8.62,-7.57,1,4,SAME,1,0
Sequence,2,56.47,4.88,3,0,83.55,4.54,-27.08,0,6,EASIER,0,-1
Face Recognition,3,46.73,6.52,7,0,71.83,4.97,-25.1,1,3,EASIER,0,-1
Face Recognition,1,81.93,3.96,3,0,68.81,4.74,13.12,0,5,SAME,1,0
N-Back,3,63.27,4.13,6,0,87.91,3.25,-24.64,0,4,EASIER,0,-1
Memory Association,1,95.88,6.95,1,1,73.99,8.31,21.89,0,4,HARDER,2,1
Memory Association,3,59.34,9.53,6,2,81.42,8.03,-22.08,1,5,EASIER,0,-1
N-Back,2,84.6,3.12,1,0,62.52,3.38,22.08,0,6,HARDER,2,1
Sequence,3,60.46,4.51,3,0,81.02,4.91,-20.56,0,1,EASIER,0,-1
Face Recognition,1,88.09,4.31,0,0,70.88,4.43,17.21,0,3,HARDER,2,1
Sequence,2,81.53,6.13,3,0,51.57,5.33,29.96,0,2,SAME,1,0
N-Back,2,68.63,3.6,4,0,70.47,3.19,-1.84,0,3,SAME,1,0
N-Back,4,49.91,5.97,3,0,61.74,4.34,-11.83,1,5,EASIER,0,-1
Connect Cards,1,90.03,6.29,0,0,68.25,6.87,21.78,0,4,HARDER,2,1
Memory Association,2,55.79,7.24,4,0,81.91,6.56,-26.12,0,2,EASIER,0,-1
Sequence,1,57.48,5.72,4,0,69.67,5.61,-12.19,0,4,SAME,1,0
Face Recognition,1,83.77,3.99,2,0,58.47,5.16,25.3,0,3,HARDER,2,1
N-Back,1,86.39,3.92,3,0,58.0,4.32,28.39,0,4,HARDER,2,1
Connect Cards,1,84.39,4.91,4,0,69.69,4.82,14.7,0,3,SAME,1,0
Connect Cards,3,46.7,8.36,7,1,93.27,4.89,-46.57,1,3,EASIER,0,-1
Face Recognition,2,50.68,4.34,8,0,80.55,3.62,-29.87,0,3,EASIER,0,-1
Face Recognition,4,66.47,4.75,6,0,90.15,5.39,-23.68,0,2,EASIER,0,-1
Sequence,1,100.0,3.77,0,0,86.17,4.18,13.83,0,5,HARDER,2,1
N-Back,3,66.33,4.1,6,0,90.79,4.17,-24.46,0,5,EASIER,0,-1
Sequence,3,90.04,5.76,0,0,84.33,7.23,5.71,0,3,HARDER,2,1
Memory Association,1,96.42,7.63,0,0,80.75,7.22,15.67,0,3,HARDER,2,1
N-Back,1,91.27,3.49,0,0,74.03,3.92,17.24,0,1,HARDER,2,1
Connect Cards,1,86.09,5.8,2,0,58.71,6.14,27.38,0,4,HARDER,2,1
N-Back,2,70.3,4.95,5,0,69.71,5.11,0.59,0,4,SAME,1,0
Sequence,2,96.67,6.84,0,0,72.4,6.6,24.27,0,1,HARDER,2,1
N-Back,3,75.87,5.29,2,0,69.53,5.71,6.34,0,1,SAME,1,0
N-Back,1,96.66,3.68,0,0,79.83,3.25,16.83,0,3,HARDER,2,1
Memory Association,2,76.26,7.03,3,0,96.42,7.63,-20.16,0,4,SAME,1,0
Sequence,2,90.26,4.23,0,0,86.45,4.88,3.81,0,4,HARDER,2,1
Sequence,2,49.25,6.35,6,0,69.55,4.47,-20.3,1,1,EASIER,0,-1
Connect Cards,2,53.27,5.26,5,1,75.45,6.26,-22.18,0,2,EASIER,0,-1
N-Back,1,91.68,4.31,2,0,48.97,5.27,42.71,0,4,HARDER,2,1
Sequence,2,70.48,5.76,3,1,66.41,4.96,4.07,0,4,SAME,1,0
Face Recognition,1,80.39,4.84,1,0,60.82,5.23,19.57,0,3,HARDER,2,1
Sequence,3,92.16,5.38,1,0,68.8,4.43,23.36,0,2,HARDER,2,1
Memory Association,1,91.3,5.85,2,0,62.9,7.18,28.4,0,7,HARDER,2,1
Face Recognition,1,85.62,3.55,1,0,58.79,4.51,26.83,0,1,HARDER,2,1
Memory Association,2,58.35,5.86,6,1,77.94,6.73,-19.59,0,1,EASIER,0,-1
Memory Association,2,96.8,8.7,0,0,85.48,7.71,11.32,0,3,HARDER,2,1
Memory Association,2,92.02,5.04,1,0,97.18,5.73,-5.16,0,1,HARDER,2,1
Sequence,1,93.01,5.19,2,0,78.59,4.52,14.42,0,1,HARDER,2,1
Memory Association,1,59.89,7.46,5,0,58.16,7.76,1.73,0,3,SAME,1,0
Sequence,2,47.67,8.24,5,1,75.83,5.59,-28.16,1,2,EASIER,0,-1
Memory Association,1,100.0,7.11,0,0,87.49,8.37,12.51,0,3,HARDER,2,1
Sequence,1,82.5,4.98,1,0,65.61,5.13,16.89,0,2,HARDER,2,1
Sequence,5,89.05,6.05,3,0,87.76,4.4,1.29,0,4,SAME,1,0
Sequence,2,69.81,4.51,3,0,61.53,4.85,8.28,0,5,SAME,1,0
Memory Association,3,57.86,8.47,4,1,99.67,7.67,-41.81,0,2,EASIER,0,-1
Memory Association,1,65.84,6.69,6,0,59.99,6.38,5.85,0,1,SAME,1,0
Connect Cards,2,49.73,6.13,7,0,62.65,6.6,-12.92,1,3,EASIER,0,-1
N-Back,1,86.14,4.58,2,0,86.14,4.58,0.0,0,0,SAME,1,0
N-Back,1,93.68,4.39,1,0,51.23,4.18,42.45,0,3,HARDER,2,1
Sequence,1,58.41,5.06,4,1,70.72,5.87,-12.31,0,2,SAME,1,0
Connect Cards,1,90.27,5.64,1,0,81.18,4.65,9.09,0,2,HARDER,2,1
Face Recognition,2,91.74,4.7,1,0,67.18,5.41,24.56,0,1,HARDER,2,1
Face Recognition,3,93.15,3.29,0,0,89.21,3.46,3.94,0,3,HARDER,2,1
Memory Association,2,53.82,6.36,4,1,84.04,7.24,-30.22,0,2,EASIER,0,-1
Sequence,2,77.51,5.27,2,0,73.31,4.86,4.2,0,3,SAME,1,0
Sequence,1,100.0,4.95,1,0,65.55,5.29,34.45,0,3,HARDER,2,1
N-Back,4,56.62,5.96,4,0,97.99,5.04,-41.37,0,1,EASIER,0,-1
Connect Cards,2,83.2,5.96,2,0,60.53,6.31,22.67,0,5,HARDER,2,1
Sequence,3,75.34,5.23,4,0,72.9,5.16,2.44,0,2,SAME,1,0
Memory Association,1,45.55,6.84,5,0,65.06,6.72,-19.51,1,3,SAME,1,0
Connect Cards,2,93.27,4.89,0,0,78.9,6.25,14.37,0,3,HARDER,2,1
N-Back,2,83.1,4.59,2,0,75.84,4.94,7.26,0,2,SAME,1,0
Memory Association,3,56.44,7.67,5,1,73.88,7.03,-17.44,0,4,EASIER,0,-1
Connect Cards,1,87.7,4.46,1,0,59.06,5.7,28.64,0,0,HARDER,2,1
Memory Association,2,65.04,8.54,3,2,97.48,8.66,-32.44,1,1,EASIER,0,-1
N-Back,1,81.28,4.66,0,0,56.72,3.84,24.56,0,3,HARDER,2,1
N-Back,2,92.95,4.24,2,0,77.85,4.39,15.1,0,2,HARDER,2,1
N-Back,3,59.37,4.85,5,0,75.75,3.78,-16.38,0,1,EASIER,0,-1
Face Recognition,2,73.77,3.78,2,0,85.48,4.36,-11.71,0,1,SAME,1,0
Connect Cards,2,56.16,5.93,5,0,79.53,7.06,-23.37,0,2,EASIER,0,-1
Face Recognition,2,54.53,3.56,4,0,86.49,3.84,-31.96,0,1,EASIER,0,-1
Connect Cards,4,81.25,4.57,2,0,73.1,5.08,8.15,0,1,SAME,1,0
Face Recognition,1,90.9,4.44,0,0,56.15,4.83,34.75,0,5,HARDER,2,1
N-Back,1,98.03,4.62,0,0,64.1,4.87,33.93,0,0,HARDER,2,1
Sequence,2,86.32,5.05,0,0,69.89,4.14,16.43,0,0,HARDER,2,1
Memory Association,1,90.24,7.22,1,0,44.53,10.12,45.71,0,3,HARDER,2,1
Memory Association,3,57.35,9.22,6,0,70.04,7.49,-12.69,0,1,EASIER,0,-1
N-Back,1,87.65,3.56,2,0,69.7,3.71,17.95,0,3,HARDER,2,1
Memory Association,4,72.87,6.5,3,2,81.77,6.11,-8.9,1,3,SAME,1,0
Memory Association,2,100.0,7.31,0,0,79.43,7.3,20.57,0,1,HARDER,2,1
Memory Association,3,92.12,5.82,1,0,83.37,5.71,8.75,0,4,HARDER,2,1
N-Back,1,95.78,4.57,1,0,71.03,4.37,24.75,0,0,HARDER,2,1
Connect Cards,2,68.36,6.54,3,2,84.99,7.35,-16.63,1,4,EASIER,0,-1
Connect Cards,2,68.97,5.89,3,0,78.62,6.11,-9.65,0,5,SAME,1,0
Memory Association,3,60.71,6.98,4,0,88.0,6.66,-27.29,0,6,EASIER,0,-1
Memory Association,4,88.66,8.77,2,0,67.75,10.45,20.91,0,2,HARDER,2,1
Connect Cards,3,57.1,5.91,5,0,80.9,5.21,-23.8,0,3,EASIER,0,-1
Connect Cards,2,63.7,5.8,5,0,99.6,5.2,-35.9,0,5,EASIER,0,-1
Connect Cards,2,56.23,5.83,5,1,73.04,6.57,-16.81,0,2,EASIER,0,-1
Memory Association,3,90.98,8.03,0,0,73.4,7.57,17.58,0,4,HARDER,2,1
Connect Cards,2,76.26,6.84,3,0,79.36,5.6,-3.1,0,1,SAME,1,0
Connect Cards,1,89.1,4.94,1,0,89.1,4.94,0.0,0,0,SAME,1,0
Connect Cards,2,94.28,6.1,0,0,66.29,5.41,27.99,0,4,HARDER,2,1
Memory Association,2,87.38,6.75,3,0,66.8,7.67,20.58,0,3,HARDER,2,1
Face Recognition,2,61.61,4.81,4,0,84.62,4.39,-23.01,0,8,EASIER,0,-1
Sequence,3,87.49,4.23,1,0,68.9,4.34,18.59,0,1,HARDER,2,1
Sequence,1,39.44,5.47,6,0,69.9,5.24,-30.46,1,3,SAME,1,0
Connect Cards,2,80.06,6.21,2,0,54.62,7.06,25.44,0,3,HARDER,2,1
N-Back,3,96.03,3.22,0,0,66.8,3.51,29.23,0,3,HARDER,2,1
N-Back,2,35.55,3.97,9,0,53.43,3.9,-17.88,1,3,EASIER,0,-1
Memory Association,2,53.98,9.59,6,0,82.9,7.73,-28.92,0,2,EASIER,0,-1
Connect Cards,1,92.32,6.89,3,0,70.26,7.04,22.06,0,3,HARDER,2,1
Connect Cards,2,78.86,7.71,3,0,76.33,6.51,2.53,0,4,SAME,1,0
Face Recognition,1,96.32,4.88,2,0,57.44,6.19,38.88,0,6,HARDER,2,1
Sequence,2,64.27,4.96,3,0,64.27,4.96,0.0,0,0,SAME,1,0
Face Recognition,2,47.14,5.28,6,0,89.03,4.21,-41.89,1,2,EASIER,0,-1
Face Recognition,2,92.67,4.23,0,0,74.67,4.49,18.0,0,1,HARDER,2,1
Connect Cards,2,81.73,6.26,1,0,57.39,6.54,24.34,0,4,HARDER,2,1
Memory Association,2,68.81,9.1,4,1,93.13,8.9,-24.32,0,2,EASIER,0,-1
Face Recognition,1,98.22,3.89,0,0,88.94,3.99,9.28,0,1,HARDER,2,1
Connect Cards,1,89.32,4.33,0,0,67.05,5.5,22.27,0,6,HARDER,2,1
Connect Cards,3,73.9,5.67,3,0,82.66,5.95,-8.76,0,4,SAME,1,0
Sequence,2,48.2,5.9,6,0,71.88,4.85,-23.68,1,2,EASIER,0,-1
Connect Cards,1,67.18,4.44,5,0,55.58,5.43,11.6,0,3,SAME,1,0
N-Back,2,90.8,4.6,0,0,75.66,4.01,15.14,0,4,HARDER,2,1
Connect Cards,2,68.76,6.22,5,0,96.08,5.46,-27.32,0,1,EASIER,0,-1
Connect Cards,2,54.62,6.93,7,0,82.36,7.1,-27.74,0,2,EASIER,0,-1
Sequence,1,66.25,4.82,5,0,59.64,4.94,6.61,0,3,SAME,1,0
Connect Cards,2,81.31,7.11,2,1,74.51,6.95,6.8,0,3,SAME,1,0
Sequence,1,80.39,5.6,4,0,47.75,7.77,32.64,0,4,HARDER,2,1
Memory Association,1,52.24,6.12,4,0,75.06,6.41,-22.82,0,1,SAME,1,0
Connect Cards,1,80.49,5.65,3,1,64.95,6.36,15.54,0,3,SAME,1,0
N-Back,3,96.07,3.74,1,0,87.56,3.55,8.51,0,3,HARDER,2,1
Sequence,2,81.43,4.93,3,0,60.73,5.82,20.7,0,9,HARDER,2,1
N-Back,2,64.29,4.83,3,0,87.06,5.05,-22.77,0,2,EASIER,0,-1
Face Recognition,2,94.34,4.89,2,0,56.82,5.22,37.52,0,3,HARDER,2,1
Memory Association,1,66.91,6.68,4,2,73.32,7.27,-6.41,3,2,SAME,1,0
Sequence,3,73.7,6.53,4,3,90.46,4.73,-16.76,1,5,EASIER,0,-1
Connect Cards,3,64.3,6.73,5,2,77.91,6.34,-13.61,1,2,EASIER,0,-1
Sequence,3,22.33,6.08,12,1,70.51,5.52,-48.18,1,2,EASIER,0,-1
Sequence,2,55.84,5.95,5,1,87.91,4.93,-32.07,0,1,EASIER,0,-1
Memory Association,2,78.18,8.68,1,1,70.09,8.79,8.09,0,1,SAME,1,0
Sequence,2,57.27,4.43,4,0,85.68,4.34,-28.41,0,2,EASIER,0,-1
Connect Cards,3,79.67,6.01,4,1,66.13,5.24,13.54,0,1,SAME,1,0
Face Recognition,3,48.81,6.99,9,0,82.45,5.03,-33.64,1,2,EASIER,0,-1
Sequence,3,52.96,5.25,4,0,74.73,5.29,-21.77,0,1,EASIER,0,-1
N-Back,2,52.64,3.6,4,0,62.47,4.3,-9.83,0,2,SAME,1,0
Connect Cards,1,85.74,5.48,2,0,68.25,5.59,17.49,0,4,HARDER,2,1
Face Recognition,3,86.7,4.02,0,0,80.42,4.24,6.28,0,1,HARDER,2,1
Sequence,2,67.7,6.36,4,2,85.45,5.43,-17.75,1,3,EASIER,0,-1
Connect Cards,2,67.24,6.22,1,0,79.47,7.45,-12.23,0,0,SAME,1,0
Connect Cards,2,54.54,5.85,5,0,87.17,5.89,-32.63,0,1,EASIER,0,-1
Sequence,2,62.67,5.03,2,0,46.94,7.17,15.73,0,2,SAME,1,0
N-Back,2,49.33,4.8,4,0,65.75,3.85,-16.42,1,1,EASIER,0,-1
Connect Cards,3,87.23,5.51,2,0,80.25,4.93,6.98,0,6,SAME,1,0
Memory Association,2,52.56,8.83,4,1,93.03,7.92,-40.47,0,5,EASIER,0,-1
Memory Association,3,75.96,5.99,2,0,79.19,6.51,-3.23,0,5,SAME,1,0
N-Back,3,48.34,4.69,7,0,53.4,3.78,-5.06,1,1,EASIER,0,-1
N-Back,3,66.98,3.56,4,0,63.91,3.82,3.07,0,3,SAME,1,0
Memory Association,1,83.49,7.13,1,0,34.67,7.81,48.82,0,2,HARDER,2,1
Connect Cards,1,67.32,6.33,4,0,51.73,5.01,15.59,0,3,SAME,1,0
Memory Association,2,65.54,7.56,4,0,64.35,6.61,1.19,0,3,SAME,1,0
Face Recognition,3,54.6,5.61,5,0,82.54,5.39,-27.94,0,3,EASIER,0,-1
Connect Cards,2,44.21,9.03,5,1,50.16,5.47,-5.95,1,2,EASIER,0,-1
Sequence,1,73.95,4.86,3,0,67.92,5.31,6.03,0,2,SAME,1,0
N-Back,3,28.99,5.37,7,0,28.99,5.37,0.0,1,0,EASIER,0,-1
Connect Cards,1,57.4,4.58,6,0,48.68,5.12,8.72,0,2,SAME,1,0
Face Recognition,3,35.52,5.18,6,0,70.0,4.32,-34.48,1,2,EASIER,0,-1
Memory Association,1,82.48,5.64,2,0,56.54,6.85,25.94,0,1,HARDER,2,1
Sequence,5,58.15,6.64,6,0,91.01,6.2,-32.86,0,4,EASIER,0,-1
Connect Cards,2,81.27,7.2,2,0,65.95,6.37,15.32,0,3,SAME,1,0
Connect Cards,4,53.51,5.17,6,0,76.29,5.84,-22.78,0,3,EASIER,0,-1
Connect Cards,2,88.5,4.86,0,0,69.36,5.02,19.14,0,3,HARDER,2,1
Connect Cards,2,64.57,7.54,5,1,81.48,6.72,-16.91,0,1,EASIER,0,-1
Sequence,3,47.6,6.89,9,1,64.89,6.63,-17.29,1,1,EASIER,0,-1
N-Back,3,37.55,4.33,8,0,56.95,3.84,-19.4,1,1,EASIER,0,-1
Connect Cards,1,80.06,5.44,2,0,47.52,8.34,32.54,0,1,HARDER,2,1
N-Back,2,91.92,4.02,1,0,76.15,4.41,15.77,0,7,HARDER,2,1
N-Back,2,46.91,6.41,8,1,67.3,4.85,-20.39,1,0,EASIER,0,-1
Memory Association,3,91.5,5.99,1,0,89.82,6.53,1.68,0,3,HARDER,2,1
Memory Association,2,61.6,5.53,4,0,83.17,6.31,-21.57,0,6,EASIER,0,-1
N-Back,1,94.02,3.86,1,0,65.97,3.28,28.05,0,2,HARDER,2,1
Face Recognition,1,98.97,4.24,1,0,86.43,3.75,12.54,0,3,HARDER,2,1
Connect Cards,2,53.42,6.11,5,0,94.15,5.36,-40.73,0,1,EASIER,0,-1
Connect Cards,3,65.37,6.7,5,0,77.38,6.86,-12.01,0,2,SAME,1,0
Sequence,2,66.88,6.09,4,0,51.5,5.25,15.38,0,6,SAME,1,0
N-Back,2,82.69,4.36,2,0,80.72,4.2,1.97,0,3,SAME,1,0
Sequence,1,90.74,5.08,1,0,83.14,5.17,7.6,0,6,HARDER,2,1
Connect Cards,1,57.36,6.93,5,1,55.07,5.59,2.29,0,3,SAME,1,0
Sequence,1,96.26,5.13,0,0,96.26,5.13,0.0,0,0,HARDER,2,1
Connect Cards,2,69.36,5.02,4,0,75.42,4.22,-6.06,0,3,SAME,1,0
Face Recognition,2,88.57,4.56,0,0,84.79,3.72,3.78,0,1,SAME,1,0
Connect Cards,3,44.72,6.36,8,0,44.72,6.36,0.0,1,0,EASIER,0,-1
Connect Cards,3,82.91,7.33,3,2,84.7,5.91,-1.79,1,1,EASIER,0,-1
Memory Association,1,67.08,6.54,6,1,75.64,5.82,-8.56,0,3,SAME,1,0
Memory Association,2,68.02,8.28,3,2,70.43,6.52,-2.41,1,2,EASIER,0,-1
Sequence,2,45.7,5.34,5,1,84.88,4.16,-39.18,1,3,EASIER,0,-1
Memory Association,1,78.22,6.81,2,1,66.66,5.73,11.56,0,4,SAME,1,0
Memory Association,3,64.56,7.38,4,0,75.92,7.55,-11.36,0,1,SAME,1,0
N-Back,2,97.0,4.19,1,0,68.82,4.53,28.18,0,4,HARDER,2,1
Memory Association,2,72.09,7.04,3,1,82.83,6.2,-10.74,0,4,SAME,1,0
Face Recognition,3,60.63,5.08,4,0,59.26,6.15,1.37,0,0,SAME,1,0
Connect Cards,2,54.87,6.25,5,1,84.98,5.17,-30.11,0,1,EASIER,0,-1
Connect Cards,1,84.83,4.6,2,0,59.65,6.03,25.18,0,2,HARDER,2,1
Connect Cards,1,96.96,6.49,1,1,57.0,5.83,39.96,0,3,HARDER,2,1
Memory Association,1,92.75,7.15,1,0,75.58,6.96,17.17,0,4,HARDER,2,1
Connect Cards,2,57.73,6.23,4,0,86.34,6.25,-28.61,0,4,EASIER,0,-1
Sequence,3,61.95,5.11,2,0,65.51,4.51,-3.56,0,2,SAME,1,0
Connect Cards,2,93.2,5.52,1,1,76.4,5.02,16.8,0,2,HARDER,2,1
Face Recognition,2,52.59,4.9,6,0,78.3,5.25,-25.71,0,3,EASIER,0,-1
Memory Association,2,90.85,9.65,1,0,56.85,10.06,34.0,0,2,HARDER,2,1
Sequence,2,39.04,6.78,9,0,68.48,5.37,-29.44,1,3,EASIER,0,-1
Connect Cards,1,84.74,6.14,2,0,78.93,7.09,5.81,0,2,SAME,1,0
Face Recognition,2,88.81,4.5,1,0,69.29,4.06,19.52,0,3,SAME,1,0
Connect Cards,2,59.07,5.39,4,1,82.09,5.4,-23.02,0,4,EASIER,0,-1
Memory Association,1,100.0,7.34,0,0,84.45,9.3,15.55,0,1,HARDER,2,1
Face Recognition,1,68.81,5.09,2,0,68.74,4.65,0.07,0,6,SAME,1,0
Connect Cards,2,63.6,6.9,3,2,65.98,5.95,-2.38,1,5,EASIER,0,-1
N-Back,2,66.79,3.96,5,0,91.68,4.31,-24.89,0,5,EASIER,0,-1
Sequence,2,89.01,5.3,2,0,61.51,5.5,27.5,0,3,HARDER,2,1
Memory Association,2,48.67,9.92,6,1,63.28,7.28,-14.61,1,2,EASIER,0,-1
Memory Association,3,58.88,6.47,6,2,63.45,6.47,-4.57,1,2,EASIER,0,-1
Memory Association,2,57.48,8.95,5,1,88.69,7.79,-31.21,0,1,EASIER,0,-1
Sequence,4,91.01,6.2,0,0,72.42,7.44,18.59,0,3,HARDER,2,1
Face Recognition,2,85.21,4.38,1,0,68.11,4.39,17.1,0,0,HARDER,2,1
Connect Cards,1,73.21,6.16,2,0,72.33,5.13,0.88,0,3,SAME,1,0
Memory Association,2,89.41,9.27,0,0,79.88,9.31,9.53,0,3,HARDER,2,1
Connect Cards,2,92.26,5.76,2,1,66.04,5.67,26.22,0,3,HARDER,2,1
Connect Cards,2,58.99,5.7,6,0,80.1,5.82,-21.11,0,2,EASIER,0,-1
Connect Cards,1,80.71,5.19,3,0,62.56,6.39,18.15,0,4,HARDER,2,1
N-Back,5,73.5,4.27,3,0,86.63,3.42,-13.13,0,2,SAME,1,0
N-Back,2,57.16,3.68,6,0,61.8,3.08,-4.64,0,3,SAME,1,0
Sequence,4,87.76,4.4,0,0,80.95,5.24,6.81,0,4,HARDER,2,1
Connect Cards,2,68.85,5.04,2,0,81.18,4.47,-12.33,0,3,SAME,1,0
N-Back,2,70.09,4.0,2,0,67.08,3.31,3.01,0,2,SAME,1,0
Face Recognition,2,71.15,4.74,2,0,98.04,4.7,-26.89,0,1,SAME,1,0
Memory Association,2,75.17,8.32,4,1,40.72,11.72,34.45,0,1,SAME,1,0
Connect Cards,3,51.52,6.68,5,0,72.72,5.92,-21.2,0,3,EASIER,0,-1
Memory Association,1,85.18,7.29,2,0,85.95,6.82,-0.77,0,4,SAME,1,0
Connect Cards,2,49.98,6.89,8,0,68.09,5.08,-18.11,1,3,EASIER,0,-1
Sequence,1,45.62,6.16,5,0,43.13,5.63,2.49,6,1,SAME,1,0
Face Recognition,1,96.54,5.08,0,0,80.42,5.16,16.12,0,2,HARDER,2,1
Memory Association,2,64.84,7.54,5,2,73.56,7.22,-8.72,1,4,EASIER,0,-1
N-Back,1,83.28,3.75,3,0,83.28,3.75,0.0,0,0,SAME,1,0
Face Recognition,1,71.45,4.68,1,0,56.93,4.08,14.52,0,2,SAME,1,0
Sequence,1,55.61,6.16,6,0,45.4,7.2,10.21,0,5,SAME,1,0
Sequence,2,53.05,6.06,7,1,81.19,5.24,-28.14,0,3,EASIER,0,-1
Face Recognition,1,62.44,4.38,3,0,48.04,5.07,14.4,0,6,SAME,1,0
Memory Association,1,90.59,6.72,2,0,80.64,6.89,9.95,0,2,HARDER,2,1
Face Recognition,1,87.97,3.81,2,0,50.22,4.92,37.75,0,6,HARDER,2,1
Memory Association,1,86.12,6.83,2,0,58.57,8.96,27.55,0,4,HARDER,2,1
N-Back,4,53.29,4.89,4,0,83.79,4.8,-30.5,0,7,EASIER,0,-1
N-Back,3,87.15,3.67,1,0,75.24,3.91,11.91,0,1,SAME,1,0
Memory Association,1,91.61,5.52,1,0,56.81,6.03,34.8,0,0,HARDER,2,1
Face Recognition,3,91.46,5.35,2,0,85.21,4.38,6.25,0,1,HARDER,2,1
N-Back,2,92.53,5.1,2,0,76.87,4.63,15.66,0,3,HARDER,2,1
Sequence,3,49.96,7.85,5,0,49.96,7.85,0.0,1,0,EASIER,0,-1
Face Recognition,2,49.14,5.64,8,1,81.89,4.93,-32.75,1,4,EASIER,0,-1
Connect Cards,1,94.15,5.36,0,0,44.62,7.65,49.53,0,5,HARDER,2,1
Connect Cards,2,65.34,5.66,2,1,76.64,5.65,-11.3,0,5,SAME,1,0
Face Recognition,2,54.64,4.5,4,0,59.77,5.37,-5.13,0,3,SAME,1,0
Sequence,2,45.42,6.66,6,0,81.24,5.61,-35.82,1,2,EASIER,0,-1
Memory Association,2,41.66,8.0,5,1,83.9,5.64,-42.24,1,3,EASIER,0,-1
Connect Cards,3,56.03,5.02,3,0,77.72,6.06,-21.69,0,2,EASIER,0,-1
N-Back,2,59.29,4.11,6,0,91.27,3.49,-31.98,0,2,EASIER,0,-1
Memory Association,2,47.02,9.91,6,1,82.82,7.11,-35.8,1,5,EASIER,0,-1
Connect Cards,2,46.39,9.65,5,2,77.66,6.28,-31.27,1,1,EASIER,0,-1
Connect Cards,2,81.33,6.24,2,0,80.69,7.0,0.64,0,2,SAME,1,0
N-Back,2,90.32,3.23,1,0,90.32,3.23,0.0,0,0,HARDER,2,1
Memory Association,3,41.19,9.18,7,2,52.23,7.9,-11.04,1,1,EASIER,0,-1
Memory Association,2,91.69,7.87,1,1,76.26,7.03,15.43,0,0,HARDER,2,1
Sequence,2,85.96,4.74,2,0,87.75,4.96,-1.79,0,3,SAME,1,0
Connect Cards,2,46.69,5.95,6,0,70.6,4.5,-23.91,1,5,EASIER,0,-1
N-Back,1,95.84,3.19,1,0,95.84,3.19,0.0,0,0,HARDER,2,1
Connect Cards,3,76.17,5.47,3,0,98.7,6.22,-22.53,0,3,SAME,1,0
N-Back,2,91.35,4.38,0,0,72.28,4.53,19.07,0,3,HARDER,2,1
Connect Cards,3,42.42,8.56,4,1,88.14,6.95,-45.72,1,1,EASIER,0,-1
N-Back,1,82.39,3.44,4,0,54.91,4.37,27.48,0,7,HARDER,2,1
N-Back,1,65.96,3.34,4,0,77.94,4.1,-11.98,0,2,SAME,1,0
Face Recognition,1,82.52,4.21,3,0,47.37,6.16,35.15,0,1,HARDER,2,1
N-Back,2,73.43,3.34,5,0,48.69,4.18,24.74,0,3,SAME,1,0
Connect Cards,1,82.52,5.46,2,0,53.6,6.71,28.92,0,2,HARDER,2,1
Memory Association,2,93.65,6.29,1,0,82.2,7.29,11.45,0,1,HARDER,2,1
Face Recognition,1,66.88,4.63,4,0,58.67,5.65,8.21,0,2,SAME,1,0
Connect Cards,2,90.74,6.06,1,0,80.29,6.34,10.45,0,4,HARDER,2,1
N-Back,2,69.0,4.18,4,0,46.67,4.6,22.33,0,0,SAME,1,0
Face Recognition,3,88.08,3.91,1,0,64.29,4.29,23.79,0,3,HARDER,2,1
Face Recognition,1,60.17,5.56,3,0,51.2,5.36,8.97,0,5,SAME,1,0
Face Recognition,2,21.59,6.22,12,1,36.83,6.98,-15.24,2,2,EASIER,0,-1
Face Recognition,5,73.57,4.07,5,0,69.22,4.22,4.35,0,6,SAME,1,0
Sequence,2,70.51,5.52,0,0,35.56,6.39,34.95,0,1,HARDER,2,1
Face Recognition,2,57.45,5.38,6,1,85.71,4.64,-28.26,0,2,EASIER,0,-1
Sequence,3,57.93,5.2,7,0,80.64,5.37,-22.71,0,3,EASIER,0,-1
Memory Association,1,80.12,6.61,2,0,61.95,7.53,18.17,0,5,HARDER,2,1
N-Back,3,65.98,4.78,5,0,87.17,4.58,-21.19,0,5,EASIER,0,-1
Face Recognition,2,85.85,3.53,1,0,75.95,3.57,9.9,0,2,SAME,1,0
Memory Association,3,59.66,6.49,3,1,58.05,7.47,1.61,0,2,SAME,1,0
Memory Association,4,71.12,7.78,6,0,82.01,7.35,-10.89,0,4,SAME,1,0
Connect Cards,1,70.6,5.23,5,0,77.57,5.19,-6.97,0,4,SAME,1,0
Memory Association,1,60.57,6.03,4,0,83.39,6.55,-22.82,0,4,SAME,1,0
Connect Cards,3,66.8,6.63,5,0,76.18,6.69,-9.38,0,3,SAME,1,0
N-Back,1,95.83,3.57,0,0,86.4,3.73,9.43,0,1,HARDER,2,1
N-Back,3,61.54,4.14,4,0,88.12,4.35,-26.58,0,2,EASIER,0,-1
Memory Association,3,67.95,7.34,2,1,92.6,5.9,-24.65,0,1,EASIER,0,-1
Sequence,1,79.84,5.68,2,1,72.22,4.81,7.62,0,4,SAME,1,0
Memory Association,2,70.99,7.75,3,1,97.65,7.05,-26.66,0,5,EASIER,0,-1
N-Back,1,90.49,3.53,0,0,85.98,3.86,4.51,0,4,HARDER,2,1
Memory Association,3,86.27,7.05,2,0,71.2,8.55,15.07,0,2,HARDER,2,1
N-Back,2,71.94,3.72,5,0,100.0,3.19,-28.06,0,4,EASIER,0,-1
Sequence,3,64.51,6.16,5,2,49.46,8.37,15.05,2,3,EASIER,0,-1
Connect Cards,2,90.02,5.3,1,0,76.78,5.7,13.24,0,1,HARDER,2,1
Sequence,3,73.71,4.66,1,0,85.77,4.58,-12.06,0,2,SAME,1,0
N-Back,2,84.57,3.08,3,0,49.26,4.82,35.31,0,5,HARDER,2,1
Sequence,3,58.26,6.12,5,2,61.29,5.41,-3.03,1,2,EASIER,0,-1
Sequence,1,100.0,4.68,0,0,79.43,5.02,20.57,0,2,HARDER,2,1
Sequence,2,56.84,6.43,6,1,78.63,5.49,-21.79,0,2,EASIER,0,-1
Connect Cards,1,73.46,4.33,1,0,69.75,5.48,3.71,0,1,SAME,1,0
Face Recognition,1,65.93,4.2,4,0,73.05,5.3,-7.12,0,4,SAME,1,0
Face Recognition,2,69.29,4.06,3,0,98.97,4.24,-29.68,0,2,SAME,1,0
Memory Association,2,45.32,8.73,6,1,80.32,6.8,-35.0,1,6,EASIER,0,-1
Sequence,2,60.43,4.56,7,0,83.03,4.73,-22.6,0,1,EASIER,0,-1
Memory Association,2,73.16,8.56,4,1,99.8,7.51,-26.64,0,2,EASIER,0,-1
N-Back,2,91.35,4.78,0,0,93.24,3.7,-1.89,0,9,HARDER,2,1
Face Recognition,1,72.69,4.07,4,0,69.65,4.51,3.04,0,4,SAME,1,0
Sequence,3,56.0,5.82,4,2,78.3,6.13,-22.3,1,1,EASIER,0,-1
Connect Cards,2,69.67,6.93,3,1,81.7,5.85,-12.03,0,1,SAME,1,0
N-Back,1,53.23,4.04,7,0,52.04,3.46,1.19,0,6,SAME,1,0
Face Recognition,3,62.12,5.85,4,0,64.51,5.22,-2.39,0,6,SAME,1,0
Connect Cards,1,80.78,4.13,2,0,61.81,5.21,18.97,0,1,HARDER,2,1
Connect Cards,2,58.19,5.77,5,0,79.42,5.51,-21.23,0,3,EASIER,0,-1
Face Recognition,3,49.97,8.33,4,1,53.18,5.77,-3.21,1,3,EASIER,0,-1
N-Back,2,93.11,3.47,1,0,78.41,3.26,14.7,0,3,HARDER,2,1
Face Recognition,1,64.72,4.47,5,0,66.83,4.71,-2.11,0,5,SAME,1,0
Connect Cards,2,56.38,7.22,5,2,67.43,7.24,-11.05,1,1,EASIER,0,-1
Connect Cards,1,90.47,4.41,2,0,90.47,4.41,0.0,0,0,HARDER,2,1
Face Recognition,1,42.43,5.86,8,0,42.83,6.05,-0.4,2,1,SAME,1,0
Face Recognition,1,80.12,4.08,2,0,63.25,4.8,16.87,0,5,HARDER,2,1
Connect Cards,2,47.68,5.08,8,0,81.06,4.48,-33.38,1,2,EASIER,0,-1
N-Back,2,38.21,4.87,6,0,38.21,4.87,0.0,1,0,EASIER,0,-1
N-Back,3,90.63,4.71,1,0,53.46,4.45,37.17,0,2,HARDER,2,1
Face Recognition,1,91.88,4.14,1,0,91.88,4.14,0.0,0,0,HARDER,2,1
N-Back,1,76.05,3.65,3,0,59.36,4.68,16.69,0,2,SAME,1,0
N-Back,2,42.72,5.39,8,0,70.74,4.45,-28.02,1,1,EASIER,0,-1
Memory Association,2,72.01,7.79,5,2,57.29,8.28,14.72,1,4,EASIER,0,-1
Face Recognition,3,93.11,3.94,2,0,84.4,4.57,8.71,0,3,HARDER,2,1
Sequence,2,55.41,5.73,6,0,65.9,4.76,-10.49,0,4,EASIER,0,-1
Face Recognition,2,74.67,4.96,3,0,66.62,5.12,8.05,0,2,SAME,1,0
N-Back,2,47.36,6.08,7,0,64.37,3.74,-17.01,1,0,EASIER,0,-1
Sequence,2,58.99,5.14,6,0,70.77,5.83,-11.78,0,7,SAME,1,0
N-Back,3,95.31,3.93,0,0,83.85,3.91,11.46,0,1,HARDER,2,1
Face Recognition,2,55.42,4.99,5,0,74.21,3.93,-18.79,0,6,EASIER,0,-1
Memory Association,2,81.1,7.16,1,0,92.07,7.24,-10.97,0,5,SAME,1,0
Sequence,1,55.63,6.31,5,0,70.48,5.23,-14.85,0,6,SAME,1,0
Connect Cards,2,79.42,5.51,2,0,77.03,6.34,2.39,0,2,SAME,1,0
Memory Association,3,75.1,9.96,4,2,77.01,7.96,-1.91,1,3,EASIER,0,-1
Memory Association,2,61.78,8.87,6,0,90.63,8.83,-28.85,0,4,EASIER,0,-1
Memory Association,1,87.19,8.41,2,1,81.2,7.63,5.99,0,1,SAME,1,0
Sequence,2,68.37,5.52,3,0,87.25,5.37,-18.88,0,2,SAME,1,0
N-Back,2,83.9,3.95,3,0,63.27,4.13,20.63,0,0,HARDER,2,1
Face Recognition,1,75.58,5.17,3,0,64.12,4.52,11.46,0,4,SAME,1,0
Sequence,2,57.23,3.86,3,0,77.55,4.61,-20.32,0,4,EASIER,0,-1
Memory Association,1,85.58,7.24,2,0,74.7,8.46,10.88,0,2,SAME,1,0
Connect Cards,3,83.74,5.42,1,0,79.27,5.1,4.47,0,4,SAME,1,0
Face Recognition,2,63.09,4.93,3,0,88.04,4.18,-24.95,0,3,EASIER,0,-1
Memory Association,2,65.69,8.95,4,1,100.0,8.15,-34.31,0,2,EASIER,0,-1
Sequence,4,56.55,5.5,6,0,89.1,4.22,-32.55,0,2,EASIER,0,-1
Memory Association,2,77.46,8.23,2,1,70.2,7.05,7.26,0,2,SAME,1,0
N-Back,3,45.84,4.69,4,0,53.21,4.24,-7.37,1,2,EASIER,0,-1
N-Back,1,77.46,3.67,3,0,76.62,3.36,0.84,0,3,SAME,1,0
Memory Association,1,84.89,7.36,0,0,63.01,7.85,21.88,0,1,HARDER,2,1
N-Back,3,66.27,4.31,6,0,100.0,3.94,-33.73,0,5,EASIER,0,-1
N-Back,2,90.24,3.61,0,0,78.69,3.5,11.55,0,4,HARDER,2,1
N-Back,3,82.27,5.44,2,0,56.62,5.96,25.65,0,2,HARDER,2,1
Face Recognition,2,61.96,3.96,4,0,83.88,4.77,-21.92,0,3,EASIER,0,-1
Face Recognition,2,43.28,6.15,6,0,55.95,5.59,-12.67,1,5,EASIER,0,-1
Face Recognition,3,41.19,5.89,5,0,80.75,4.09,-39.56,1,1,EASIER,0,-1
Connect Cards,3,76.23,5.88,2,0,63.81,5.55,12.42,0,3,SAME,1,0
Face Recognition,1,99.27,3.58,0,0,89.79,3.0,9.48,0,2,HARDER,2,1
Face Recognition,4,94.47,5.16,1,0,83.41,5.04,11.06,0,6,HARDER,2,1
Connect Cards,1,89.37,6.48,2,0,69.03,6.91,20.34,0,1,HARDER,2,1
Connect Cards,2,67.14,6.32,3,0,73.2,6.3,-6.06,0,5,SAME,1,0
Face Recognition,1,87.81,4.94,1,0,69.6,5.94,18.21,0,1,HARDER,2,1
N-Back,1,90.14,2.82,1,0,90.14,2.82,0.0,0,0,HARDER,2,1
Connect Cards,2,57.52,5.93,4,0,93.24,7.82,-35.72,0,6,EASIER,0,-1
Face Recognition,2,42.2,5.77,4,1,51.9,5.14,-9.7,1,2,EASIER,0,-1
Face Recognition,2,41.87,4.74,5,0,63.03,4.66,-21.16,1,3,EASIER,0,-1
N-Back,2,73.93,3.08,2,0,71.45,3.46,2.48,0,3,SAME,1,0
Sequence,2,76.99,5.53,4,0,72.0,6.25,4.99,0,4,SAME,1,0
Memory Association,2,56.5,7.55,5,1,67.43,7.66,-10.93,0,2,EASIER,0,-1
Face Recognition,1,83.97,4.38,1,0,59.61,4.81,24.36,0,3,HARDER,2,1
Face Recognition,2,40.26,5.42,8,0,85.19,3.87,-44.93,1,3,EASIER,0,-1
Sequence,1,89.35,6.61,0,1,56.22,6.06,33.13,0,2,SAME,1,0
N-Back,2,74.36,3.7,5,0,62.81,3.82,11.55,0,1,SAME,1,0
Sequence,1,63.1,5.59,3,0,51.77,6.43,11.33,0,2,SAME,1,0
Connect Cards,2,45.65,6.1,9,1,67.76,5.19,-22.11,1,2,EASIER,0,-1
N-Back,2,88.44,4.32,2,0,69.04,4.82,19.4,0,2,HARDER,2,1
Memory Association,3,59.17,6.16,4,0,82.52,6.95,-23.35,0,3,EASIER,0,-1
Sequence,2,55.57,5.12,3,0,82.94,4.46,-27.37,0,3,EASIER,0,-1
Memory Association,1,92.9,6.87,2,0,86.53,7.69,6.37,0,2,HARDER,2,1
Connect Cards,2,59.9,6.71,3,0,85.15,5.36,-25.25,0,4,EASIER,0,-1
N-Back,1,85.6,4.53,0,0,75.53,4.11,10.07,0,5,SAME,1,0
N-Back,1,91.01,3.06,0,0,77.8,3.33,13.21,0,2,HARDER,2,1
N-Back,3,86.75,3.55,2,0,70.02,3.74,16.73,0,2,HARDER,2,1
Connect Cards,2,77.37,7.8,3,0,67.07,5.96,10.3,0,5,SAME,1,0
Connect Cards,1,84.98,5.17,0,0,79.27,5.4,5.71,0,1,HARDER,2,1
Face Recognition,1,75.59,4.08,1,0,53.6,4.26,21.99,0,6,SAME,1,0
Connect Cards,2,49.57,6.29,6,1,58.67,5.53,-9.1,1,6,EASIER,0,-1
Face Recognition,1,56.13,4.94,6,0,52.15,4.32,3.98,0,3,SAME,1,0
N-Back,1,87.42,4.15,1,0,67.66,4.91,19.76,0,4,HARDER,2,1
Face Recognition,2,71.29,4.85,4,0,67.34,4.45,3.95,0,6,SAME,1,0
N-Back,3,92.71,4.13,1,0,83.23,3.83,9.48,0,2,HARDER,2,1
Memory Association,3,96.48,6.82,0,0,90.21,6.3,6.27,0,3,HARDER,2,1
Connect Cards,3,36.3,6.15,6,1,59.37,6.1,-23.07,1,2,EASIER,0,-1
N-Back,2,63.22,4.19,6,0,83.99,4.0,-20.77,0,5,EASIER,0,-1
Sequence,2,62.9,5.71,4,0,88.79,4.51,-25.89,0,2,EASIER,0,-1
Face Recognition,2,70.5,5.61,4,0,90.9,4.44,-20.4,0,4,EASIER,0,-1
Sequence,1,45.62,4.97,5,0,62.26,4.29,-16.64,1,4,SAME,1,0
Sequence,1,63.4,4.25,3,0,62.28,4.95,1.12,0,4,SAME,1,0
Memory Association,1,80.86,5.43,1,0,47.67,9.3,33.19,0,2,HARDER,2,1
Connect Cards,2,58.86,5.66,4,0,84.79,4.82,-25.93,0,4,EASIER,0,-1
Memory Association,1,92.68,7.04,1,0,81.93,7.26,10.75,0,3,HARDER,2,1
Connect Cards,4,74.08,8.28,4,1,70.31,6.64,3.77,0,4,SAME,1,0
N-Back,4,62.47,5.38,5,1,85.69,5.99,-23.22,0,4,EASIER,0,-1
Connect Cards,2,59.07,6.0,6,0,81.66,5.35,-22.59,0,2,EASIER,0,-1
N-Back,3,58.17,3.89,2,0,81.44,3.08,-23.27,0,3,EASIER,0,-1
N-Back,2,69.01,5.27,3,0,53.45,5.11,15.56,0,2,SAME,1,0
Sequence,2,44.62,6.26,8,0,80.88,4.01,-36.26,1,3,EASIER,0,-1
Memory Association,2,94.89,9.13,0,2,75.95,7.82,18.94,1,2,SAME,1,0
N-Back,2,74.42,4.4,2,0,59.24,3.74,15.18,0,0,SAME,1,0
Connect Cards,1,56.65,4.67,5,0,51.51,4.46,5.14,0,4,SAME,1,0
Sequence,2,49.28,7.03,7,1,98.82,5.5,-49.54,1,3,EASIER,0,-1
Sequence,2,60.85,4.79,5,0,85.19,5.82,-24.34,0,2,EASIER,0,-1
Connect Cards,2,81.36,5.43,2,0,66.33,6.13,15.03,0,3,HARDER,2,1
Face Recognition,3,79.58,6.03,2,0,68.64,5.26,10.94,0,1,SAME,1,0
Memory Association,2,58.56,7.52,5,1,84.6,8.54,-26.04,0,5,EASIER,0,-1
Face Recognition,1,65.52,3.87,4,0,61.7,4.48,3.82,0,1,SAME,1,0
Connect Cards,3,61.55,4.82,3,0,96.37,5.52,-34.82,0,4,EASIER,0,-1
Memory Association,2,61.28,8.64,5,0,74.35,7.18,-13.07,0,3,EASIER,0,-1
Connect Cards,1,100.0,6.77,1,1,81.2,6.81,18.8,0,4,HARDER,2,1
Connect Cards,2,67.86,4.84,6,0,91.65,5.49,-23.79,0,3,EASIER,0,-1
N-Back,3,46.67,4.6,6,0,62.28,4.13,-15.61,1,2,EASIER,0,-1
Memory Association,2,73.97,7.86,3,1,94.7,7.19,-20.73,0,3,EASIER,0,-1
Memory Association,1,88.69,7.79,0,0,66.59,8.62,22.1,0,0,HARDER,2,1
N-Back,1,91.21,4.51,1,0,59.95,4.19,31.26,0,4,HARDER,2,1
Memory Association,1,79.13,6.61,2,0,74.7,5.4,4.43,0,1,SAME,1,0
N-Back,1,73.34,3.94,5,0,80.72,4.23,-7.38,0,3,SAME,1,0
Sequence,4,95.73,4.14,0,0,68.96,3.91,26.77,0,3,HARDER,2,1
N-Back,1,80.01,3.68,3,0,51.54,3.86,28.47,0,3,HARDER,2,1
Face Recognition,2,34.13,5.87,10,0,80.64,4.45,-46.51,1,7,EASIER,0,-1
Sequence,1,76.69,4.89,2,0,51.97,4.7,24.72,0,4,SAME,1,0
N-Back,2,56.05,4.33,4,0,89.31,3.93,-33.26,0,0,EASIER,0,-1
Face Recognition,2,63.21,5.21,3,0,86.49,4.92,-23.28,0,1,EASIER,0,-1
Connect Cards,2,89.14,4.75,1,0,66.85,5.6,22.29,0,2,HARDER,2,1
Memory Association,1,32.74,7.99,6,1,52.53,6.57,-19.79,1,3,SAME,1,0
N-Back,1,100.0,3.27,0,0,89.38,2.75,10.62,0,1,HARDER,2,1
Face Recognition,2,95.8,6.21,0,0,61.92,4.86,33.88,0,0,HARDER,2,1
Connect Cards,1,83.41,4.93,1,0,56.15,5.33,27.26,0,3,HARDER,2,1
Face Recognition,1,48.55,5.36,5,0,50.22,3.99,-1.67,1,3,SAME,1,0
N-Back,2,87.36,4.73,0,0,55.83,4.7,31.53,0,3,HARDER,2,1
N-Back,2,66.95,2.98,4,0,45.77,4.94,21.18,0,1,SAME,1,0
Connect Cards,1,55.48,5.18,3,0,53.67,4.82,1.81,0,1,SAME,1,0
Connect Cards,2,78.6,5.97,4,0,71.42,6.79,7.18,0,6,SAME,1,0
N-Back,3,46.22,3.86,6,0,55.95,3.34,-9.73,1,2,EASIER,0,-1
Memory Association,2,52.64,7.48,5,2,49.3,8.37,3.34,2,2,EASIER,0,-1
N-Back,3,94.14,5.41,0,0,81.22,5.08,12.92,0,4,HARDER,2,1
N-Back,2,84.84,3.2,3,0,62.3,3.63,22.54,0,1,HARDER,2,1
Memory Association,1,83.17,6.31,2,0,45.21,6.71,37.96,0,5,HARDER,2,1
Face Recognition,1,47.15,5.09,4,0,51.9,3.74,-4.75,1,3,SAME,1,0
Memory Association,2,92.91,8.77,1,0,85.44,7.36,7.47,0,3,HARDER,2,1
Connect Cards,3,60.63,5.6,6,0,95.56,5.21,-34.93,0,3,EASIER,0,-1
Sequence,1,91.67,6.24,1,0,83.63,6.05,8.04,0,2,HARDER,2,1
N-Back,2,66.22,3.92,3,0,74.19,3.82,-7.97,0,3,SAME,1,0
N-Back,3,66.35,4.88,5,0,87.91,5.03,-21.56,0,1,EASIER,0,-1
Sequence,3,58.86,5.68,5,0,93.77,6.04,-34.91,0,2,EASIER,0,-1
Face Recognition,1,84.23,5.1,0,0,63.84,4.2,20.39,0,4,HARDER,2,1
Face Recognition,2,83.7,4.26,2,0,65.93,4.94,17.77,0,3,HARDER,2,1
Sequence,1,86.82,6.44,0,0,69.28,5.11,17.54,0,2,HARDER,2,1
Connect Cards,1,92.98,5.84,1,0,72.04,5.25,20.94,0,1,HARDER,2,1
Connect Cards,1,59.74,5.7,6,0,58.1,5.3,1.64,0,2,SAME,1,0
Sequence,1,80.25,4.03,2,0,60.86,5.07,19.39,0,1,HARDER,2,1
Connect Cards,2,61.09,5.53,3,1,82.61,4.31,-21.52,0,6,EASIER,0,-1
Connect Cards,2,56.41,5.48,6,0,87.64,4.68,-31.23,0,1,EASIER,0,-1
N-Back,1,67.69,4.05,5,0,81.75,4.04,-14.06,0,2,SAME,1,0
N-Back,1,80.21,3.3,1,0,63.36,3.31,16.85,0,1,HARDER,2,1
Connect Cards,1,100.0,6.71,0,0,91.23,6.23,8.77,0,1,HARDER,2,1
Memory Association,1,69.97,7.08,4,0,83.22,6.87,-13.25,0,3,SAME,1,0
Connect Cards,1,77.43,5.54,3,0,66.31,5.81,11.12,0,2,SAME,1,0
Connect Cards,3,96.14,6.03,0,0,77.29,6.04,18.85,0,2,HARDER,2,1
Face Recognition,2,73.27,5.19,3,0,64.71,4.34,8.56,0,2,SAME,1,0
Connect Cards,1,79.13,5.3,2,0,75.32,6.06,3.81,0,1,SAME,1,0
N-Back,2,88.12,4.35,2,0,49.11,4.79,39.01,0,2,HARDER,2,1
Memory Association,2,96.51,6.11,1,0,72.85,6.04,23.66,0,1,HARDER,2,1
Memory Association,1,78.98,8.46,4,0,96.81,8.71,-17.83,0,2,SAME,1,0
Sequence,2,62.51,3.91,4,0,82.93,4.28,-20.42,0,3,EASIER,0,-1
Connect Cards,2,68.73,6.15,5,0,98.52,5.58,-29.79,0,2,EASIER,0,-1
Sequence,2,91.41,4.56,3,0,82.97,5.31,8.44,0,1,HARDER,2,1
Memory Association,3,33.8,11.58,8,1,54.16,7.87,-20.36,1,3,EASIER,0,-1
Memory Association,3,91.52,6.89,1,1,78.88,5.4,12.64,0,3,SAME,1,0
Sequence,4,81.61,4.25,3,0,81.75,4.7,-0.14,0,4,SAME,1,0
Memory Association,1,56.57,6.67,6,0,58.78,9.15,-2.21,0,1,SAME,1,0
N-Back,3,78.09,4.04,2,0,74.77,3.58,3.32,0,2,SAME,1,0
Face Recognition,1,97.78,4.18,0,0,82.28,4.09,15.5,0,2,HARDER,2,1
N-Back,5,84.44,4.02,2,0,83.97,3.96,0.47,0,3,SAME,1,0
Memory Association,2,49.5,8.83,6,2,85.81,6.34,-36.31,1,5,EASIER,0,-1
Connect Cards,2,46.31,7.13,7,0,85.28,4.7,-38.97,1,2,EASIER,0,-1
Face Recognition,3,37.39,5.71,5,0,79.14,4.6,-41.75,1,4,EASIER,0,-1
Face Recognition,3,88.09,4.84,1,0,71.92,6.03,16.17,0,1,HARDER,2,1
Memory Association,3,57.13,8.13,4,2,72.27,6.28,-15.14,1,2,EASIER,0,-1
N-Back,1,84.28,4.69,0,0,65.2,4.49,19.08,0,2,HARDER,2,1
Connect Cards,1,80.94,5.55,2,0,48.86,7.09,32.08,0,1,HARDER,2,1
Memory Association,1,89.47,7.72,1,0,74.23,7.85,15.24,0,3,HARDER,2,1
Face Recognition,2,33.48,5.77,8,0,66.07,5.51,-32.59,1,4,EASIER,0,-1
N-Back,3,50.17,3.71,8,0,79.52,4.21,-29.35,0,1,EASIER,0,-1
Face Recognition,3,40.65,6.51,4,1,56.5,5.99,-15.85,1,2,EASIER,0,-1
N-Back,1,71.03,3.33,5,0,74.43,2.85,-3.4,0,1,SAME,1,0
Memory Association,1,68.98,6.85,5,0,71.94,7.26,-2.96,0,0,SAME,1,0
Connect Cards,1,93.29,3.92,2,0,82.82,4.01,10.47,0,1,HARDER,2,1
Sequence,4,82.01,5.43,3,0,60.53,6.38,21.48,0,5,HARDER,2,1
Sequence,2,57.62,4.76,5,0,85.83,4.8,-28.21,0,1,EASIER,0,-1
Memory Association,2,57.46,7.9,3,2,59.8,7.43,-2.34,1,4,EASIER,0,-1
Connect Cards,3,61.91,6.54,6,0,77.35,5.17,-15.44,0,4,EASIER,0,-1
Sequence,3,69.34,6.14,4,0,94.1,4.47,-24.76,0,0,EASIER,0,-1
Connect Cards,3,63.25,5.91,6,0,99.55,5.68,-36.3,0,3,EASIER,0,-1
Face Recognition,3,64.64,5.52,6,0,88.86,5.0,-24.22,0,4,EASIER,0,-1
Sequence,3,69.44,6.16,5,0,81.42,6.9,-11.98,0,1,SAME,1,0
Connect Cards,2,46.65,6.21,8,1,52.42,6.85,-5.77,1,1,EASIER,0,-1
Memory Association,2,45.79,6.65,6,0,53.38,5.69,-7.59,1,4,EASIER,0,-1
Face Recognition,4,72.89,5.49,4,0,93.11,3.94,-20.22,0,2,EASIER,0,-1
Sequence,5,86.52,5.22,1,0,78.83,5.84,7.69,0,5,SAME,1,0
N-Back,2,51.54,3.86,8,0,83.09,3.19,-31.55,0,2,EASIER,0,-1
Connect Cards,2,43.91,6.22,8,2,69.5,5.39,-25.59,1,3,EASIER,0,-1
Connect Cards,2,67.88,5.12,4,0,67.14,6.32,0.74,0,6,SAME,1,0
Face Recognition,2,76.33,4.43,3,0,70.29,5.0,6.04,0,4,SAME,1,0
N-Back,2,100.0,3.78,0,0,75.62,3.32,24.38,0,3,HARDER,2,1
Memory Association,1,100.0,8.62,0,0,83.37,8.66,16.63,0,2,HARDER,2,1
N-Back,4,81.99,4.19,3,0,66.01,4.3,15.98,0,3,HARDER,2,1
Connect Cards,2,66.58,6.01,3,1,90.05,5.06,-23.47,0,0,EASIER,0,-1
Memory Association,1,67.31,6.81,4,0,72.63,8.3,-5.32,0,4,SAME,1,0
Face Recognition,2,63.25,4.8,3,0,95.72,4.32,-32.47,0,4,EASIER,0,-1
Memory Association,2,46.35,9.06,7,1,46.35,9.06,0.0,1,0,EASIER,0,-1
Face Recognition,1,83.79,3.97,2,0,60.68,4.02,23.11,0,3,HARDER,2,1
Connect Cards,1,61.71,5.04,5,0,89.3,5.32,-27.59,0,3,SAME,1,0
Connect Cards,2,57.04,6.27,5,0,80.9,5.67,-23.86,0,6,EASIER,0,-1
Memory Association,1,99.8,7.51,0,1,75.19,7.88,24.61,0,1,HARDER,2,1
N-Back,1,83.59,3.44,3,0,47.75,4.47,35.84,0,0,HARDER,2,1
Face Recognition,2,57.44,6.19,7,1,74.78,5.32,-17.34,0,6,EASIER,0,-1
Connect Cards,2,44.79,6.3,6,0,70.86,5.82,-26.07,1,6,EASIER,0,-1
Connect Cards,1,46.52,8.12,6,0,65.16,6.28,-18.64,1,5,SAME,1,0
Connect Cards,1,62.9,4.78,4,0,89.35,5.86,-26.45,0,6,SAME,1,0
Connect Cards,1,73.29,7.14,4,2,71.11,7.19,2.18,2,4,SAME,1,0
N-Back,1,80.91,3.81,1,0,65.25,3.94,15.66,0,3,HARDER,2,1
Sequence,3,79.6,5.5,3,1,100.0,4.64,-20.4,0,5,EASIER,0,-1
N-Back,1,83.99,4.0,2,0,68.3,4.54,15.69,0,4,HARDER,2,1
Connect Cards,2,60.16,5.68,5,0,89.67,6.24,-29.51,0,3,EASIER,0,-1
Connect Cards,4,77.14,5.93,3,0,77.95,6.52,-0.81,0,2,SAME,1,0
N-Back,2,31.08,3.93,6,0,68.98,4.01,-37.9,1,2,EASIER,0,-1
Face Recognition,1,66.01,5.5,3,0,77.9,4.57,-11.89,0,1,SAME,1,0
Connect Cards,1,75.55,5.28,1,0,57.54,5.34,18.01,0,5,SAME,1,0
Face Recognition,3,49.65,6.63,6,0,93.46,5.49,-43.81,1,1,EASIER,0,-1
Face Recognition,1,56.63,4.42,4,0,68.06,4.56,-11.43,0,3,SAME,1,0
Face Recognition,1,47.6,5.78,6,1,29.43,6.24,18.17,2,3,SAME,1,0
N-Back,2,83.4,2.97,2,0,81.96,3.46,1.44,0,1,SAME,1,0
Sequence,5,68.05,5.0,2,0,76.11,6.04,-8.06,0,3,SAME,1,0
N-Back,2,50.31,4.07,8,0,78.54,3.87,-28.23,0,5,EASIER,0,-1
N-Back,2,56.21,4.15,4,0,89.88,4.0,-33.67,0,2,EASIER,0,-1
Connect Cards,1,81.06,4.48,2,0,65.27,4.51,15.79,0,3,HARDER,2,1
Memory Association,2,59.08,8.27,4,0,92.25,6.92,-33.17,0,4,EASIER,0,-1
Connect Cards,1,85.88,5.83,0,0,63.63,7.16,22.25,0,3,HARDER,2,1
Sequence,1,80.53,4.18,4,0,62.64,4.33,17.89,0,1,HARDER,2,1
Face Recognition,2,63.77,4.28,5,0,77.53,3.65,-13.76,0,2,SAME,1,0
N-Back,3,60.25,4.75,3,0,89.18,4.34,-28.93,0,3,EASIER,0,-1
N-Back,3,91.39,4.31,1,0,81.88,4.22,9.51,0,2,HARDER,2,1
N-Back,1,80.06,2.99,2,0,59.1,3.58,20.96,0,1,HARDER,2,1
Sequence,2,95.51,6.24,0,0,86.04,5.9,9.47,0,0,HARDER,2,1
N-Back,3,86.72,3.57,3,0,70.29,3.69,16.43,0,3,HARDER,2,1
Connect Cards,2,91.58,6.41,0,0,88.9,7.02,2.68,0,0,HARDER,2,1
N-Back,1,78.02,4.69,2,0,57.56,4.4,20.46,0,3,SAME,1,0
N-Back,2,83.26,3.78,0,0,78.02,4.55,5.24,0,3,HARDER,2,1
N-Back,2,46.49,6.07,5,0,68.4,4.59,-21.91,1,5,EASIER,0,-1
N-Back,1,93.09,3.28,2,0,63.96,4.06,29.13,0,4,HARDER,2,1
Memory Association,3,63.51,8.11,4,1,75.51,8.11,-12.0,0,3,SAME,1,0
Memory Association,1,82.04,5.37,1,0,63.85,5.43,18.19,0,0,HARDER,2,1
Connect Cards,1,88.16,5.03,4,0,66.33,6.14,21.83,0,3,HARDER,2,1
Memory Association,3,93.41,7.63,2,0,70.74,6.2,22.67,0,4,HARDER,2,1
Connect Cards,1,65.4,5.21,5,0,55.47,4.95,9.93,0,2,SAME,1,0
Connect Cards,4,81.64,6.33,2,0,65.25,6.9,16.39,0,4,HARDER,2,1
Face Recognition,3,88.05,4.36,0,0,79.97,4.48,8.08,0,0,HARDER,2,1
Sequence,2,53.08,5.7,4,0,76.39,5.99,-23.31,0,3,EASIER,0,-1
Sequence,3,50.74,6.41,8,0,89.89,5.34,-39.15,0,3,EASIER,0,-1
N-Back,2,79.43,3.17,3,0,67.5,4.0,11.93,0,2,SAME,1,0
Memory Association,2,73.07,7.15,3,0,73.07,7.15,0.0,0,0,SAME,1,0
Connect Cards,1,100.0,6.53,0,0,71.57,5.74,28.43,0,3,HARDER,2,1
N-Back,2,48.87,5.79,6,0,61.35,4.19,-12.48,1,1,EASIER,0,-1
Connect Cards,2,59.06,5.7,5,0,80.8,5.78,-21.74,0,3,EASIER,0,-1
Sequence,3,48.22,7.59,9,0,65.72,5.3,-17.5,1,5,EASIER,0,-1
Memory Association,1,80.32,6.8,2,0,53.85,6.98,26.47,0,5,HARDER,2,1
Memory Association,3,48.92,8.35,7,0,48.92,8.35,0.0,1,0,EASIER,0,-1
Sequence,2,82.12,5.09,2,0,78.89,5.81,3.23,0,2,SAME,1,0
N-Back,2,86.44,4.47,2,0,70.3,4.95,16.14,0,3,HARDER,2,1
N-Back,1,84.51,3.49,1,0,79.97,4.02,4.54,0,3,SAME,1,0
Connect Cards,1,62.56,4.7,5,0,46.95,6.09,15.61,0,2,SAME,1,0
Connect Cards,2,49.6,7.04,4,1,72.36,5.37,-22.76,1,5,EASIER,0,-1
Sequence,4,55.64,5.83,5,0,76.85,5.85,-21.21,0,3,EASIER,0,-1
Sequence,2,62.59,5.7,3,1,85.68,5.93,-23.09,0,5,EASIER,0,-1
Face Recognition,2,89.8,3.71,2,0,66.03,3.9,23.77,0,5,HARDER,2,1
Connect Cards,1,81.37,4.65,3,0,64.78,5.31,16.59,0,1,HARDER,2,1
Memory Association,1,83.76,6.44,2,0,40.58,8.56,43.18,0,0,HARDER,2,1
Face Recognition,4,79.92,4.76,1,0,99.43,3.74,-19.51,0,3,SAME,1,0
Sequence,1,84.88,4.16,3,0,48.84,6.09,36.04,0,2,HARDER,2,1
Memory Association,3,47.3,9.03,7,1,63.51,8.11,-16.21,1,4,EASIER,0,-1
Memory Association,3,36.32,8.02,9,0,52.58,7.85,-16.26,1,1,EASIER,0,-1
Sequence,2,71.57,4.51,4,0,61.79,5.34,9.78,0,2,SAME,1,0
Connect Cards,2,52.21,5.68,6,0,92.98,5.84,-40.77,0,2,EASIER,0,-1
Memory Association,2,63.64,8.03,6,3,81.24,7.03,-17.6,1,2,EASIER,0,-1
Sequence,3,45.29,5.46,5,0,73.63,5.01,-28.34,1,4,EASIER,0,-1
Connect Cards,2,50.6,5.44,6,1,72.84,5.78,-22.24,0,3,EASIER,0,-1
N-Back,3,88.27,3.17,2,0,66.84,4.01,21.43,0,9,HARDER,2,1
Connect Cards,2,57.99,6.39,4,1,77.58,6.48,-19.59,0,3,SAME,1,0
Face Recognition,2,31.99,6.31,12,1,70.68,4.01,-38.69,1,1,EASIER,0,-1
Connect Cards,1,96.08,5.46,1,0,61.6,5.8,34.48,0,0,HARDER,2,1
Sequence,1,48.57,6.38,4,0,55.91,4.51,-7.34,1,1,SAME,1,0
Sequence,3,100.0,6.52,0,0,67.82,5.87,32.18,0,0,HARDER,2,1
Memory Association,2,100.0,8.08,0,1,74.58,7.51,25.42,0,2,HARDER,2,1
Face Recognition,1,50.22,3.99,5,0,66.78,4.42,-16.56,0,2,SAME,1,0
N-Back,2,86.26,4.25,1,0,72.9,4.07,13.36,0,1,SAME,1,0
Face Recognition,3,32.53,6.17,7,0,32.53,6.17,0.0,1,0,EASIER,0,-1
Memory Association,1,63.96,5.89,4,0,69.1,6.34,-5.14,0,3,SAME,1,0
N-Back,2,89.38,3.67,0,0,71.49,3.57,17.89,0,3,HARDER,2,1
Face Recognition,2,75.82,3.93,4,0,59.43,3.87,16.39,0,2,SAME,1,0
Sequence,1,84.14,6.18,2,0,82.85,5.75,1.29,0,2,SAME,1,0
Face Recognition,2,74.2,5.12,2,0,83.17,5.75,-8.97,0,1,SAME,1,0
Connect Cards,1,81.61,5.72,3,0,62.3,7.38,19.31,0,4,HARDER,2,1
Connect Cards,2,63.63,7.16,4,2,55.69,6.08,7.94,1,2,EASIER,0,-1
Connect Cards,3,58.59,6.38,4,0,73.84,6.59,-15.25,0,1,SAME,1,0
Memory Association,1,95.24,8.01,0,1,75.81,7.4,19.43,0,2,HARDER,2,1
Memory Association,2,77.84,7.14,2,0,68.9,6.78,8.94,0,2,SAME,1,0
Connect Cards,2,87.16,4.98,2,0,71.26,5.82,15.9,0,4,HARDER,2,1
Sequence,3,82.46,4.17,3,0,56.12,5.53,26.34,0,1,HARDER,2,1
Connect Cards,2,87.68,4.87,2,0,75.21,5.5,12.47,0,3,SAME,1,0
Connect Cards,2,55.7,6.06,5,1,80.75,5.11,-25.05,0,2,EASIER,0,-1
Connect Cards,3,55.8,6.4,5,0,94.4,6.52,-38.6,0,3,EASIER,0,-1
Sequence,3,92.87,5.83,1,0,87.73,4.78,5.14,0,1,HARDER,2,1
Sequence,2,93.7,5.57,0,0,88.38,5.65,5.32,0,2,HARDER,2,1
Sequence,3,86.2,5.02,1,0,61.95,5.11,24.25,0,2,HARDER,2,1
Sequence,2,44.57,4.47,6,0,87.31,4.72,-42.74,1,2,EASIER,0,-1
Face Recognition,3,94.11,5.37,1,0,95.21,6.41,-1.1,0,2,HARDER,2,1
Connect Cards,3,59.14,6.22,4,0,75.57,5.08,-16.43,0,6,SAME,1,0
N-Back,2,71.25,5.01,1,0,71.16,4.51,0.09,0,4,SAME,1,0
Sequence,3,78.56,4.15,2,0,85.02,4.27,-6.46,0,1,SAME,1,0
Sequence,1,84.86,6.09,2,0,65.36,6.65,19.5,0,3,HARDER,2,1
N-Back,2,93.51,3.55,1,0,52.06,3.81,41.45,0,3,HARDER,2,1
Connect Cards,1,92.56,6.7,1,0,60.43,7.16,32.13,0,4,HARDER,2,1
N-Back,1,92.78,3.15,1,0,81.0,3.41,11.78,0,2,HARDER,2,1
Memory Association,2,71.36,8.99,5,2,81.26,8.36,-9.9,1,4,EASIER,0,-1
N-Back,2,36.16,6.47,10,0,95.36,4.26,-59.2,1,2,EASIER,0,-1
N-Back,1,89.83,3.38,0,0,63.22,3.68,26.61,0,2,HARDER,2,1
Sequence,1,90.4,6.09,1,0,82.27,6.72,8.13,0,2,HARDER,2,1
Connect Cards,3,59.32,8.17,6,2,61.18,7.08,-1.86,1,1,EASIER,0,-1
Memory Association,2,70.93,5.71,3,0,88.77,5.93,-17.84,0,3,SAME,1,0
Memory Association,1,92.84,6.54,0,0,74.88,6.82,17.96,0,1,HARDER,2,1
Sequence,2,41.7,7.22,6,1,42.66,7.03,-0.96,2,3,EASIER,0,-1
Memory Association,2,91.37,5.22,1,0,74.32,5.9,17.05,0,2,HARDER,2,1
Memory Association,1,75.58,7.04,2,0,72.41,7.4,3.17,0,3,SAME,1,0
Connect Cards,3,63.09,5.58,3,0,76.23,5.88,-13.14,0,2,SAME,1,0
Connect Cards,1,80.04,4.79,3,0,52.09,5.78,27.95,0,5,HARDER,2,1
Face Recognition,2,91.33,5.73,1,0,75.9,5.04,15.43,0,2,HARDER,2,1
Memory Association,2,94.85,6.5,0,0,90.67,6.44,4.18,0,4,HARDER,2,1
Face Recognition,2,87.96,3.57,1,0,69.2,4.12,18.76,0,4,HARDER,2,1
Memory Association,1,90.25,7.6,0,1,78.79,6.82,11.46,0,2,HARDER,2,1
Memory Association,3,90.05,6.17,0,0,82.83,6.16,7.22,0,2,HARDER,2,1
Connect Cards,3,68.94,5.92,6,1,88.87,4.9,-19.93,0,1,EASIER,0,-1
Connect Cards,4,90.79,5.12,2,0,85.11,5.68,5.68,0,2,HARDER,2,1
Memory Association,1,68.15,6.27,4,0,92.32,7.41,-24.17,0,3,SAME,1,0
Connect Cards,1,61.45,4.9,4,0,52.77,5.08,8.68,0,6,SAME,1,0
Memory Association,2,82.74,8.68,3,0,82.65,7.44,0.09,0,2,SAME,1,0
Sequence,2,66.19,6.93,3,0,66.19,6.93,0.0,0,0,SAME,1,0
Memory Association,1,82.8,8.7,2,1,63.64,8.03,19.16,0,3,SAME,1,0
Memory Association,1,91.87,6.9,2,0,82.18,9.14,9.69,0,3,HARDER,2,1
Memory Association,2,55.36,8.53,5,2,82.79,6.39,-27.43,1,2,EASIER,0,-1
Connect Cards,3,80.03,5.77,3,0,62.24,6.32,17.79,0,5,HARDER,2,1
Memory Association,3,60.36,8.86,5,2,55.36,8.05,5.0,1,0,EASIER,0,-1
Memory Association,1,91.63,8.08,0,1,77.28,7.38,14.35,0,6,HARDER,2,1
Face Recognition,1,90.47,4.23,1,0,74.15,3.99,16.32,0,3,HARDER,2,1
Sequence,3,54.41,7.27,5,0,68.34,5.61,-13.93,0,2,EASIER,0,-1
N-Back,2,90.51,4.54,0,0,61.72,4.11,28.79,0,3,HARDER,2,1
Connect Cards,2,56.2,5.45,2,1,80.79,4.19,-24.59,0,5,EASIER,0,-1
Connect Cards,3,53.98,5.95,7,1,76.07,6.05,-22.09,0,3,EASIER,0,-1
Memory Association,2,80.13,7.52,2,0,57.61,7.99,22.52,0,2,HARDER,2,1
Connect Cards,2,92.49,7.36,2,0,70.66,6.28,21.83,0,2,HARDER,2,1
Sequence,1,67.65,5.45,4,0,62.53,5.54,5.12,0,4,SAME,1,0
N-Back,2,81.11,4.83,3,0,63.76,4.97,17.35,0,1,HARDER,2,1
Connect Cards,2,59.09,6.11,5,0,62.59,5.6,-3.5,0,1,SAME,1,0
Face Recognition,1,90.16,3.73,2,0,90.16,3.73,0.0,0,0,HARDER,2,1
N-Back,4,44.79,5.88,5,0,77.84,3.65,-33.05,1,2,EASIER,0,-1
Sequence,3,69.3,5.35,4,0,67.59,5.98,1.71,0,5,SAME,1,0
Connect Cards,2,68.56,6.21,3,0,75.35,5.43,-6.79,0,5,SAME,1,0
Face Recognition,2,53.59,4.55,4,0,81.63,5.74,-28.04,0,3,EASIER,0,-1
Face Recognition,1,37.9,6.46,7,0,53.68,5.57,-15.78,1,2,SAME,1,0
Connect Cards,3,95.3,5.95,0,0,62.22,4.93,33.08,0,2,HARDER,2,1
Connect Cards,3,77.1,5.7,2,0,70.81,5.55,6.29,0,6,SAME,1,0
Face Recognition,2,62.41,5.04,4,0,74.2,4.76,-11.79,0,3,SAME,1,0
Face Recognition,1,54.1,4.43,6,0,67.72,4.3,-13.62,0,3,SAME,1,0
N-Back,2,68.64,3.62,4,0,68.64,3.62,0.0,0,0,SAME,1,0
Connect Cards,1,55.79,6.06,5,0,63.93,5.63,-8.14,0,6,SAME,1,0
Sequence,1,82.66,5.43,3,0,82.66,5.43,0.0,0,0,SAME,1,0
Face Recognition,1,64.12,4.52,4,0,59.09,6.28,5.03,0,3,SAME,1,0
Memory Association,2,74.26,8.73,3,2,84.28,8.9,-10.02,1,2,EASIER,0,-1
Connect Cards,1,99.37,6.08,0,0,69.17,5.9,30.2,0,2,HARDER,2,1
N-Back,2,99.82,5.07,2,0,72.18,5.06,27.64,0,1,HARDER,2,1
Memory Association,1,97.65,7.05,0,0,68.98,7.4,28.67,0,4,HARDER,2,1
Memory Association,2,55.68,7.26,6,1,67.87,6.36,-12.19,0,7,EASIER,0,-1
Memory Association,2,66.99,8.67,3,1,73.89,8.93,-6.9,0,2,SAME,1,0
Connect Cards,3,88.87,4.9,1,0,88.87,4.9,0.0,0,0,SAME,1,0
N-Back,3,78.5,3.11,2,0,77.14,2.87,1.36,0,3,SAME,1,0
Sequence,3,47.97,6.04,4,0,91.34,4.29,-43.37,1,1,EASIER,0,-1
Sequence,2,34.49,5.82,7,0,59.49,4.59,-25.0,1,2,EASIER,0,-1
Connect Cards,1,70.27,4.3,5,0,71.25,5.35,-0.98,0,1,SAME,1,0
Memory Association,2,73.64,8.51,3,2,84.05,8.68,-10.41,1,5,EASIER,0,-1
Sequence,1,95.78,4.79,0,0,75.22,5.55,20.56,0,5,HARDER,2,1
Memory Association,1,60.89,6.61,5,0,58.16,6.03,2.73,0,1,SAME,1,0
Connect Cards,2,42.91,6.48,5,0,69.5,6.05,-26.59,1,2,EASIER,0,-1
Face Recognition,2,55.14,5.0,7,0,86.45,4.35,-31.31,0,6,EASIER,0,-1
N-Back,2,91.66,4.79,0,0,72.35,4.01,19.31,0,0,HARDER,2,1
Connect Cards,1,50.19,5.77,5,0,56.75,5.97,-6.56,0,1,SAME,1,0
Memory Association,3,73.95,7.34,1,0,78.92,6.64,-4.97,0,3,SAME,1,0
Sequence,2,38.19,6.38,6,0,61.84,5.86,-23.65,1,1,EASIER,0,-1
Face Recognition,3,37.8,4.88,5,0,37.8,4.88,0.0,1,0,EASIER,0,-1
Face Recognition,2,44.73,7.23,5,0,79.57,5.53,-34.84,1,6,EASIER,0,-1
N-Back,3,45.71,5.8,9,0,69.61,4.89,-23.9,1,3,EASIER,0,-1
Connect Cards,3,43.74,7.34,9,0,69.19,5.89,-25.45,1,2,EASIER,0,-1
Face Recognition,3,20.39,5.96,7,1,69.33,4.52,-48.94,1,1,EASIER,0,-1
Sequence,3,36.08,4.92,9,0,36.08,4.92,0.0,1,0,EASIER,0,-1
Connect Cards,2,57.42,5.85,7,0,85.48,5.56,-28.06,0,4,EASIER,0,-1
Memory Association,2,39.29,8.16,7,0,72.99,7.22,-33.7,1,4,EASIER,0,-1
Face Recognition,1,94.19,4.99,1,0,51.99,5.03,42.2,0,1,HARDER,2,1
N-Back,2,61.27,3.85,5,0,82.2,3.85,-20.93,0,3,EASIER,0,-1
Connect Cards,3,59.54,7.37,4,1,92.49,7.36,-32.95,0,3,EASIER,0,-1
Memory Association,2,62.48,8.55,4,1,99.24,8.21,-36.76,0,3,EASIER,0,-1
Face Recognition,4,55.15,4.75,4,0,79.03,5.27,-23.88,0,4,EASIER,0,-1
Connect Cards,1,81.88,5.61,1,1,71.17,5.58,10.71,0,4,SAME,1,0
Face Recognition,2,64.86,4.95,4,0,74.2,5.12,-9.34,0,2,SAME,1,0
N-Back,1,78.95,4.0,2,0,50.91,4.85,28.04,0,4,SAME,1,0
Face Recognition,2,67.86,4.25,4,0,60.26,3.62,7.6,0,1,SAME,1,0
Memory Association,2,90.21,6.3,0,0,79.28,6.6,10.93,0,2,HARDER,2,1
Face Recognition,1,85.11,5.06,1,0,44.13,5.77,40.98,0,4,HARDER,2,1
Connect Cards,2,55.52,5.3,5,0,78.16,6.11,-22.64,0,2,EASIER,0,-1
N-Back,1,91.43,3.05,1,0,87.82,3.33,3.61,0,4,HARDER,2,1
N-Back,2,61.97,5.28,3,0,63.2,4.57,-1.23,0,3,SAME,1,0
Sequence,2,77.87,5.3,3,0,75.28,5.22,2.59,0,1,SAME,1,0
Memory Association,3,68.4,8.73,6,2,77.47,8.56,-9.07,1,3,EASIER,0,-1
Face Recognition,1,72.43,4.55,3,0,70.66,4.02,1.77,0,1,SAME,1,0
Sequence,2,86.65,4.33,0,0,71.57,4.51,15.08,0,3,HARDER,2,1
Face Recognition,2,80.27,4.78,1,0,58.79,5.81,21.48,0,1,HARDER,2,1
Sequence,1,90.1,5.23,0,0,83.65,4.44,6.45,0,1,HARDER,2,1
Connect Cards,1,85.49,5.07,1,0,56.11,5.34,29.38,0,2,HARDER,2,1
Connect Cards,3,76.17,6.02,2,0,70.84,5.47,5.33,0,6,SAME,1,0
Sequence,2,69.52,6.09,4,1,69.7,5.94,-0.18,0,1,SAME,1,0
Face Recognition,4,95.83,4.07,0,0,83.79,3.88,12.04,0,2,HARDER,2,1
Memory Association,1,94.8,7.64,0,0,73.35,9.45,21.45,0,3,HARDER,2,1
Connect Cards,1,98.52,5.58,0,0,77.2,6.02,21.32,0,2,HARDER,2,1
N-Back,3,52.82,5.42,6,0,92.51,4.32,-39.69,0,3,EASIER,0,-1
Memory Association,3,75.44,6.38,4,0,77.12,5.53,-1.68,0,0,SAME,1,0
Memory Association,1,84.04,7.89,3,0,60.05,8.98,23.99,0,1,HARDER,2,1
Face Recognition,3,55.66,6.61,5,0,86.04,4.97,-30.38,0,2,EASIER,0,-1
Connect Cards,2,72.32,7.08,4,0,88.56,6.17,-16.24,0,1,SAME,1,0
Memory Association,2,85.81,6.54,2,0,67.95,7.34,17.86,0,2,HARDER,2,1
Connect Cards,4,58.75,8.08,3,2,92.48,7.16,-33.73,1,3,EASIER,0,-1
Memory Association,3,49.3,8.37,5,1,55.17,8.6,-5.87,1,3,EASIER,0,-1
Connect Cards,1,72.25,4.8,3,0,71.99,4.32,0.26,0,5,SAME,1,0
Connect Cards,2,91.03,4.93,0,0,89.48,5.17,1.55,0,4,HARDER,2,1
Face Recognition,2,49.35,5.48,4,0,56.21,3.93,-6.86,1,2,EASIER,0,-1
Sequence,1,73.66,5.1,3,0,55.84,5.95,17.82,0,2,SAME,1,0
Connect Cards,1,83.72,4.39,2,0,62.61,5.26,21.11,0,5,HARDER,2,1
Memory Association,2,91.18,7.13,2,1,77.57,9.22,13.61,0,1,HARDER,2,1
Memory Association,3,71.57,6.37,4,1,92.3,6.02,-20.73,0,5,EASIER,0,-1
Memory Association,2,95.99,7.28,0,0,70.37,6.62,25.62,0,7,HARDER,2,1
Sequence,1,81.45,5.43,1,0,62.32,5.99,19.13,0,3,HARDER,2,1
Connect Cards,1,67.34,4.86,4,0,46.33,6.28,21.01,0,4,SAME,1,0
Face Recognition,2,47.08,4.62,8,0,58.19,3.92,-11.11,1,5,EASIER,0,-1
Face Recognition,1,80.55,3.62,3,0,39.51,5.23,41.04,0,2,HARDER,2,1
N-Back,1,91.07,4.49,2,0,56.75,4.54,34.32,0,6,HARDER,2,1
Face Recognition,2,95.21,6.41,0,0,92.04,6.12,3.17,0,1,HARDER,2,1
Face Recognition,3,82.18,5.05,1,0,64.59,5.05,17.59,0,2,HARDER,2,1
Sequence,4,46.44,7.84,4,0,90.04,5.76,-43.6,1,4,EASIER,0,-1
Memory Association,1,90.11,5.5,3,0,90.11,5.5,0.0,0,0,HARDER,2,1
Face Recognition,4,75.68,5.57,3,0,90.63,5.16,-14.95,0,2,SAME,1,0
Connect Cards,2,46.92,8.12,6,1,85.71,5.31,-38.79,1,1,EASIER,0,-1
Memory Association,1,70.78,6.86,3,0,57.43,7.45,13.35,0,1,SAME,1,0
Sequence,3,67.28,7.18,6,0,70.4,6.91,-3.12,0,1,SAME,1,0
Connect Cards,2,82.67,7.15,1,0,78.18,6.04,4.49,0,7,SAME,1,0
Connect Cards,1,49.5,5.57,7,0,53.47,4.38,-3.97,1,3,SAME,1,0
Connect Cards,1,81.8,5.64,2,0,65.42,7.44,16.38,0,1,HARDER,2,1
Face Recognition,3,38.6,7.23,7,1,58.76,5.15,-20.16,1,3,EASIER,0,-1
N-Back,3,94.17,3.72,0,0,84.46,3.18,9.71,0,4,HARDER,2,1
Sequence,2,72.46,6.16,2,0,66.41,5.32,6.05,0,8,SAME,1,0
Sequence,1,63.36,5.03,3,0,63.25,5.3,0.11,0,5,SAME,1,0
N-Back,1,89.63,3.05,0,0,76.42,3.17,13.21,0,1,HARDER,2,1
Sequence,1,77.29,5.99,3,0,80.89,4.92,-3.6,0,1,SAME,1,0
Sequence,2,58.1,6.97,5,1,73.5,6.02,-15.4,0,2,EASIER,0,-1
Sequence,3,82.11,4.72,2,0,81.85,3.93,0.26,0,5,SAME,1,0
Sequence,2,43.8,6.52,6,0,48.03,7.37,-4.23,2,1,EASIER,0,-1
Sequence,1,90.04,5.6,2,0,89.35,6.61,0.69,0,2,HARDER,2,1
Memory Association,3,54.33,7.47,7,1,75.11,8.02,-20.78,0,1,EASIER,0,-1
Face Recognition,1,95.41,4.38,1,0,54.13,5.32,41.28,0,5,HARDER,2,1
N-Back,2,62.52,3.38,6,0,69.97,3.55,-7.45,0,5,SAME,1,0
Connect Cards,2,95.81,4.83,0,0,75.91,4.59,19.9,0,4,HARDER,2,1
Sequence,2,52.75,6.49,5,1,79.37,6.98,-26.62,0,1,EASIER,0,-1
Face Recognition,1,88.78,4.75,0,0,67.72,4.78,21.06,0,4,HARDER,2,1
Connect Cards,1,90.15,5.15,2,0,77.99,5.76,12.16,0,2,HARDER,2,1
Face Recognition,2,68.45,4.77,3,0,69.7,4.54,-1.25,0,1,SAME,1,0
Sequence,3,36.41,4.84,8,0,36.41,4.84,0.0,1,0,EASIER,0,-1
Memory Association,3,40.16,10.16,8,1,40.16,10.16,0.0,1,0,EASIER,0,-1
Memory Association,1,70.85,7.86,3,0,72.73,8.34,-1.88,0,3,SAME,1,0
N-Back,1,79.64,3.05,3,0,76.35,3.29,3.29,0,1,SAME,1,0
Connect Cards,2,56.34,4.4,4,0,36.3,6.15,20.04,0,3,SAME,1,0
Memory Association,1,63.59,5.22,5,1,60.45,5.97,3.14,0,1,SAME,1,0
N-Back,2,51.35,3.88,8,0,51.35,3.88,0.0,0,0,SAME,1,0
Memory Association,1,82.79,6.39,4,0,54.01,7.8,28.78,0,4,HARDER,2,1
Sequence,1,91.14,5.28,2,0,83.77,5.02,7.37,0,1,HARDER,2,1
Connect Cards,3,56.27,6.42,6,1,84.58,6.41,-28.31,0,1,EASIER,0,-1
N-Back,2,84.32,3.5,0,0,56.15,3.25,28.17,0,3,HARDER,2,1
Face Recognition,2,75.51,5.19,4,0,66.53,5.64,8.98,0,1,SAME,1,0
Face Recognition,2,90.81,3.09,1,0,82.42,3.28,8.39,0,1,HARDER,2,1
Memory Association,2,73.56,7.22,2,0,87.93,7.48,-14.37,0,4,SAME,1,0
Sequence,1,91.47,3.76,2,0,85.23,3.78,6.24,0,1,HARDER,2,1
Sequence,1,86.86,4.9,3,0,71.5,5.35,15.36,0,4,HARDER,2,1
Face Recognition,2,56.91,5.25,6,1,73.12,5.58,-16.21,0,4,EASIER,0,-1
Memory Association,2,90.58,8.46,1,0,69.96,7.91,20.62,0,4,HARDER,2,1
Memory Association,1,85.33,8.11,3,2,89.92,8.43,-4.59,2,3,SAME,1,0
Memory Association,2,84.04,7.24,4,0,54.75,7.02,29.29,0,2,SAME,1,0
Face Recognition,3,96.99,5.61,1,0,51.21,5.92,45.78,0,3,HARDER,2,1
Sequence,3,64.52,4.59,5,0,72.67,5.85,-8.15,0,5,SAME,1,0
Face Recognition,1,58.06,4.55,3,0,89.56,5.32,-31.5,0,4,SAME,1,0
Connect Cards,2,49.11,7.75,5,1,72.61,4.86,-23.5,1,3,EASIER,0,-1
Memory Association,3,52.69,8.34,5,1,73.17,7.34,-20.48,0,1,EASIER,0,-1
N-Back,2,56.72,3.95,4,0,98.62,3.3,-41.9,0,2,EASIER,0,-1
Face Recognition,2,95.36,4.84,0,0,62.13,4.65,33.23,0,1,HARDER,2,1
Connect Cards,2,41.18,6.99,6,0,71.42,4.94,-30.24,1,4,EASIER,0,-1
N-Back,3,83.04,3.83,1,0,66.96,3.56,16.08,0,3,SAME,1,0
N-Back,3,57.28,3.53,5,0,82.8,3.62,-25.52,0,4,EASIER,0,-1
Connect Cards,1,86.91,5.79,0,0,53.98,5.21,32.93,0,2,HARDER,2,1
Face Recognition,4,92.9,4.48,1,0,76.67,4.81,16.23,0,2,HARDER,2,1
Connect Cards,1,74.97,7.19,3,0,70.92,6.78,4.05,0,4,SAME,1,0
Face Recognition,1,60.28,4.46,3,0,57.55,3.63,2.73,0,3,SAME,1,0
Sequence,3,96.64,4.25,0,0,89.22,4.44,7.42,0,1,HARDER,2,1
Connect Cards,2,62.86,6.62,5,0,62.86,6.62,0.0,0,0,SAME,1,0
Sequence,1,59.65,4.16,6,0,49.64,5.56,10.01,0,6,SAME,1,0
Memory Association,2,66.9,7.06,2,0,81.19,7.78,-14.29,0,4,SAME,1,0
Connect Cards,2,62.3,7.38,3,1,89.29,6.54,-26.99,0,3,EASIER,0,-1
Memory Association,2,44.37,7.75,5,1,37.81,9.78,6.56,2,2,EASIER,0,-1
Memory Association,3,48.86,8.34,6,1,48.86,8.34,0.0,1,0,EASIER,0,-1
N-Back,2,54.65,4.14,5,0,77.15,3.86,-22.5,0,2,EASIER,0,-1
Connect Cards,1,84.42,4.93,1,0,61.71,5.49,22.71,0,0,HARDER,2,1
N-Back,1,63.54,4.16,3,0,60.56,3.42,2.98,0,2,SAME,1,0
Connect Cards,1,78.16,5.38,3,0,70.91,5.82,7.25,0,4,SAME,1,0
Memory Association,4,75.89,7.94,4,0,78.22,6.44,-2.33,0,2,SAME,1,0
N-Back,2,82.69,3.86,1,0,86.55,4.26,-3.86,0,3,SAME,1,0
N-Back,2,61.02,4.15,6,0,76.44,3.31,-15.42,0,1,EASIER,0,-1
Connect Cards,3,65.13,6.37,5,1,91.14,7.25,-26.01,0,4,EASIER,0,-1
Face Recognition,1,82.01,4.89,2,0,33.34,5.09,48.67,0,1,HARDER,2,1
Face Recognition,2,43.12,5.66,9,0,43.12,5.66,0.0,1,0,EASIER,0,-1
Connect Cards,2,93.69,6.66,1,1,76.75,6.45,16.94,0,1,HARDER,2,1
Connect Cards,3,73.34,6.02,5,0,97.6,5.66,-24.26,0,3,EASIER,0,-1
N-Back,1,80.24,4.39,1,0,48.42,5.97,31.82,0,7,HARDER,2,1
Face Recognition,1,66.78,4.42,4,0,36.41,5.4,30.37,0,2,SAME,1,0
Sequence,1,92.12,5.16,1,0,75.89,4.43,16.23,0,2,HARDER,2,1
Connect Cards,1,92.76,5.75,0,0,81.66,6.11,11.1,0,3,HARDER,2,1
Memory Association,2,76.69,7.8,2,0,92.75,7.15,-16.06,0,2,SAME,1,0
Connect Cards,1,84.18,6.39,2,1,77.4,5.27,6.78,0,3,SAME,1,0
Face Recognition,1,81.42,4.71,3,0,75.15,4.47,6.27,0,0,SAME,1,0
Connect Cards,2,66.59,6.59,5,2,78.46,5.56,-11.87,1,2,EASIER,0,-1
Face Recognition,3,57.52,3.93,6,0,77.56,4.65,-20.04,0,3,EASIER,0,-1
N-Back,1,86.27,3.73,2,0,57.11,3.77,29.16,0,2,HARDER,2,1
N-Back,1,95.14,3.88,1,0,85.14,3.72,10.0,0,2,HARDER,2,1
Face Recognition,1,100.0,4.57,0,0,63.87,5.11,36.13,0,5,HARDER,2,1
Connect Cards,2,59.16,5.28,5,2,66.45,5.92,-7.29,1,4,EASIER,0,-1
Connect Cards,2,58.54,5.66,4,0,80.94,5.55,-22.4,0,2,EASIER,0,-1
Connect Cards,3,84.68,4.98,1,0,60.02,5.63,24.66,0,3,HARDER,2,1
Face Recognition,2,100.0,5.61,0,1,89.37,4.73,10.63,0,4,HARDER,2,1
Connect Cards,2,65.42,7.44,5,2,65.42,7.44,0.0,1,0,EASIER,0,-1
Face Recognition,4,52.24,5.48,2,1,65.37,6.66,-13.13,0,3,SAME,1,0
Memory Association,1,91.56,6.76,3,0,62.16,6.09,29.4,0,5,HARDER,2,1
Face Recognition,1,59.01,4.97,4,0,41.47,4.47,17.54,0,2,SAME,1,0
N-Back,2,80.94,2.97,2,0,82.0,3.36,-1.06,0,3,SAME,1,0
N-Back,2,66.33,3.54,5,0,69.89,3.21,-3.56,0,2,SAME,1,0
N-Back,2,91.13,3.37,0,0,79.26,3.91,11.87,0,4,HARDER,2,1
Memory Association,1,61.25,6.7,6,1,85.77,6.89,-24.52,0,1,SAME,1,0
Sequence,2,93.23,4.24,1,0,78.09,4.27,15.14,0,5,HARDER,2,1
N-Back,1,81.55,3.91,3,0,54.52,4.27,27.03,0,4,HARDER,2,1
Face Recognition,2,72.54,5.81,3,0,98.95,5.7,-26.41,0,2,SAME,1,0
N-Back,5,70.9,3.38,5,0,92.36,3.63,-21.46,0,1,EASIER,0,-1
Sequence,3,64.73,5.94,5,1,75.39,5.63,-10.66,0,4,EASIER,0,-1
Memory Association,2,67.09,7.39,3,1,80.16,8.29,-13.07,0,7,SAME,1,0
Connect Cards,4,65.06,6.43,6,0,85.07,6.77,-20.01,0,3,EASIER,0,-1
Face Recognition,2,55.21,5.2,8,0,55.21,5.2,0.0,0,0,SAME,1,0
Sequence,2,83.62,5.26,1,0,80.77,6.08,2.85,0,3,SAME,1,0
Face Recognition,1,62.07,4.03,6,0,63.51,3.7,-1.44,0,1,SAME,1,0
Memory Association,3,77.68,8.86,2,2,91.18,7.13,-13.5,1,2,EASIER,0,-1
Sequence,2,81.02,4.91,0,0,62.56,4.14,18.46,0,1,HARDER,2,1
N-Back,1,91.25,4.12,0,0,79.18,4.45,12.07,0,1,HARDER,2,1
N-Back,1,86.31,3.64,0,0,78.97,3.97,7.34,0,2,HARDER,2,1
Sequence,2,82.95,5.25,2,0,67.31,5.57,15.64,0,3,HARDER,2,1
Memory Association,2,75.67,7.85,2,0,88.5,7.08,-12.83,0,4,SAME,1,0
N-Back,5,57.42,4.82,6,0,95.73,4.6,-38.31,0,3,EASIER,0,-1
Face Recognition,2,88.46,3.61,0,0,50.55,3.87,37.91,0,3,HARDER,2,1
Face Recognition,2,93.19,6.27,2,0,68.43,6.09,24.76,0,4,HARDER,2,1
Face Recognition,2,78.54,4.86,2,0,68.98,5.34,9.56,0,2,SAME,1,0
N-Back,1,61.4,3.28,7,0,73.4,4.22,-12.0,0,4,SAME,1,0
Sequence,1,94.83,5.39,2,0,85.79,4.98,9.04,0,0,HARDER,2,1
Sequence,4,68.99,6.72,3,0,88.31,6.65,-19.32,0,3,SAME,1,0
Memory Association,2,56.79,8.51,5,0,40.37,9.56,16.42,0,1,SAME,1,0
Face Recognition,1,90.01,4.24,2,0,81.62,4.19,8.39,0,1,HARDER,2,1
Connect Cards,2,58.81,5.7,4,0,81.97,5.59,-23.16,0,2,EASIER,0,-1
N-Back,1,69.71,3.48,4,0,80.9,3.51,-11.19,0,2,SAME,1,0
N-Back,2,54.91,4.37,7,0,75.03,3.93,-20.12,0,6,EASIER,0,-1
Memory Association,2,60.24,9.19,3,0,79.31,8.91,-19.07,0,2,SAME,1,0
Connect Cards,2,72.4,6.18,5,2,61.34,7.36,11.06,2,3,EASIER,0,-1
Face Recognition,4,93.33,4.1,3,0,74.5,3.83,18.83,0,3,HARDER,2,1
Sequence,2,58.78,5.91,3,0,68.21,6.04,-9.43,0,3,SAME,1,0
Connect Cards,3,35.66,8.84,7,2,35.66,8.84,0.0,1,0,EASIER,0,-1
Memory Association,2,71.15,7.44,4,1,47.6,8.3,23.55,0,4,SAME,1,0
Face Recognition,2,48.76,5.68,7,1,80.05,4.6,-31.29,1,5,EASIER,0,-1
Sequence,2,52.7,5.4,6,1,83.74,6.05,-31.04,0,5,EASIER,0,-1
Memory Association,3,49.62,8.24,4,1,53.74,7.1,-4.12,1,0,EASIER,0,-1
Memory Association,1,94.61,6.67,0,0,52.23,6.32,42.38,0,3,HARDER,2,1
Face Recognition,4,82.95,3.87,0,0,89.94,4.72,-6.99,0,3,SAME,1,0
Connect Cards,1,85.66,4.65,2,0,63.2,5.07,22.46,0,2,HARDER,2,1
Sequence,2,94.87,4.49,1,0,85.49,4.67,9.38,0,4,HARDER,2,1
Sequence,3,45.41,6.86,8,0,69.6,5.38,-24.19,1,3,EASIER,0,-1
Memory Association,3,64.66,9.43,6,2,80.43,7.73,-15.77,1,3,EASIER,0,-1
Sequence,2,47.75,7.77,9,2,72.72,5.43,-24.97,1,4,EASIER,0,-1
Sequence,3,66.59,6.11,4,0,66.59,6.11,0.0,0,0,SAME,1,0
Connect Cards,3,71.69,6.37,3,1,72.18,7.24,-0.49,0,1,SAME,1,0
Connect Cards,2,18.02,6.56,9,1,90.86,5.51,-72.84,1,1,EASIER,0,-1
Memory Association,2,82.52,6.95,2,0,61.63,7.18,20.89,0,3,HARDER,2,1
Connect Cards,2,75.62,6.69,3,0,75.37,6.9,0.25,0,5,SAME,1,0
N-Back,2,89.62,3.75,1,0,57.03,4.07,32.59,0,4,HARDER,2,1
Sequence,1,80.88,4.01,2,0,64.65,4.57,16.23,0,4,HARDER,2,1
Face Recognition,2,57.48,4.92,4,0,76.76,5.33,-19.28,0,4,SAME,1,0
Memory Association,4,63.41,6.98,7,0,72.63,7.36,-9.22,0,2,SAME,1,0
Memory Association,2,85.87,5.41,2,0,85.52,5.45,0.35,0,3,SAME,1,0
Sequence,2,83.96,4.01,2,0,57.78,5.05,26.18,0,4,HARDER,2,1
Connect Cards,2,99.55,5.68,1,0,74.3,6.13,25.25,0,3,HARDER,2,1
Face Recognition,1,70.91,4.71,3,0,63.87,6.02,7.04,0,4,SAME,1,0
Connect Cards,2,70.01,5.19,3,0,43.74,7.34,26.27,0,3,SAME,1,0
Sequence,1,57.26,4.76,3,0,61.8,5.05,-4.54,0,8,SAME,1,0
Connect Cards,2,31.71,6.49,7,0,84.11,5.47,-52.4,1,3,EASIER,0,-1
Face Recognition,2,82.26,4.01,2,0,68.63,4.71,13.63,0,1,SAME,1,0
Sequence,2,70.97,5.64,1,0,73.61,5.76,-2.64,0,6,SAME,1,0
Sequence,2,83.83,5.33,1,0,66.33,6.07,17.5,0,2,HARDER,2,1
Memory Association,3,60.74,8.09,4,2,75.42,9.76,-14.68,1,1,EASIER,0,-1
Sequence,1,40.01,5.72,4,0,51.47,4.11,-11.46,1,3,SAME,1,0
Memory Association,1,34.06,7.74,7,1,62.11,6.21,-28.05,1,1,SAME,1,0
Memory Association,1,85.42,8.33,3,1,82.6,7.29,2.82,0,6,SAME,1,0
Connect Cards,3,55.17,5.73,5,1,69.69,6.66,-14.52,0,4,EASIER,0,-1
N-Back,3,55.13,4.7,6,0,96.2,3.9,-41.07,0,2,EASIER,0,-1
N-Back,2,62.62,4.48,5,0,85.35,3.64,-22.73,0,4,EASIER,0,-1
Connect Cards,1,86.05,5.92,2,0,64.57,7.54,21.48,0,2,HARDER,2,1
Face Recognition,3,56.44,6.43,6,1,82.37,5.79,-25.93,0,2,EASIER,0,-1
N-Back,4,64.83,5.4,6,0,90.76,4.85,-25.93,0,5,EASIER,0,-1
Memory Association,2,90.33,7.44,0,0,70.83,6.94,19.5,0,2,HARDER,2,1
N-Back,4,92.46,4.97,2,0,78.27,5.21,14.19,0,7,HARDER,2,1
Connect Cards,2,75.49,6.01,2,0,82.87,6.02,-7.38,0,3,SAME,1,0
Memory Association,2,62.8,8.33,6,1,74.47,7.96,-11.67,0,3,EASIER,0,-1
Face Recognition,2,73.94,3.8,3,0,77.59,4.46,-3.65,0,2,SAME,1,0
Memory Association,1,59.82,7.69,2,1,41.73,7.4,18.09,0,3,SAME,1,0
Connect Cards,4,67.99,7.39,4,1,89.65,6.92,-21.66,0,1,EASIER,0,-1
Memory Association,2,91.79,7.13,1,0,72.68,6.14,19.11,0,2,HARDER,2,1
N-Back,1,82.44,3.39,2,0,80.65,3.02,1.79,0,2,SAME,1,0
N-Back,1,82.33,4.19,2,0,67.07,4.25,15.26,0,7,HARDER,2,1
Connect Cards,2,49.66,8.53,3,1,67.58,6.86,-17.92,2,2,EASIER,0,-1
Memory Association,3,59.4,6.06,5,0,89.27,6.37,-29.87,0,4,EASIER,0,-1
Memory Association,1,94.7,7.19,0,0,69.48,7.21,25.22,0,3,HARDER,2,1
Sequence,5,78.84,5.31,2,0,89.05,6.05,-10.21,0,4,SAME,1,0
Memory Association,2,73.76,6.71,4,1,68.77,7.98,4.99,0,4,SAME,1,0
Memory Association,2,67.77,8.34,3,1,100.0,7.76,-32.23,0,3,EASIER,0,-1
Memory Association,2,92.92,8.21,1,0,74.65,8.33,18.27,0,5,HARDER,2,1
N-Back,1,91.89,3.24,0,0,76.73,3.2,15.16,0,4,HARDER,2,1
Memory Association,1,73.66,6.46,3,0,89.02,6.33,-15.36,0,1,SAME,1,0
Face Recognition,1,92.17,3.44,1,0,92.17,3.44,0.0,0,0,HARDER,2,1
Sequence,3,81.06,4.13,3,0,65.77,4.82,15.29,0,4,HARDER,2,1
Memory Association,1,72.79,6.72,2,0,55.36,8.53,17.43,0,1,SAME,1,0
Sequence,1,93.62,5.19,0,0,89.04,5.94,4.58,0,1,HARDER,2,1
Face Recognition,3,49.29,6.62,6,0,72.41,6.18,-23.12,1,0,EASIER,0,-1
Sequence,2,51.97,4.7,4,0,78.72,5.51,-26.75,0,3,EASIER,0,-1
Sequence,4,42.17,6.68,6,1,65.25,5.66,-23.08,1,3,EASIER,0,-1
Sequence,1,65.91,4.04,5,0,61.27,3.9,4.64,0,5,SAME,1,0
Sequence,5,67.96,6.31,5,1,99.54,6.45,-31.58,0,3,EASIER,0,-1
Sequence,2,75.36,4.63,3,0,71.55,4.33,3.81,0,3,SAME,1,0
N-Back,3,64.55,4.12,3,0,58.78,5.37,5.77,0,6,SAME,1,0
N-Back,2,69.48,3.25,3,0,51.82,3.3,17.66,0,0,SAME,1,0
Connect Cards,2,52.09,5.78,8,0,68.75,4.35,-16.66,0,5,EASIER,0,-1
Sequence,2,58.14,6.18,3,0,80.39,5.6,-22.25,0,4,EASIER,0,-1
Sequence,2,72.58,6.24,4,0,75.73,6.29,-3.15,0,2,SAME,1,0
Memory Association,1,63.19,6.53,5,0,60.78,6.82,2.41,0,6,SAME,1,0
N-Back,2,51.21,2.98,4,0,71.33,2.98,-20.12,0,4,EASIER,0,-1
Face Recognition,2,60.86,4.49,5,0,100.0,4.39,-39.14,0,3,EASIER,0,-1
N-Back,2,51.5,3.56,7,0,73.9,3.98,-22.4,0,1,EASIER,0,-1
Connect Cards,1,81.45,4.23,3,0,46.57,4.82,34.88,0,3,HARDER,2,1
Face Recognition,1,96.81,5.49,1,0,75.66,5.51,21.15,0,3,HARDER,2,1
Connect Cards,1,90.96,5.9,2,0,75.98,6.12,14.98,0,5,HARDER,2,1
N-Back,1,84.0,4.12,2,0,81.8,4.93,2.2,0,4,SAME,1,0
Sequence,4,96.39,5.78,1,0,92.87,5.83,3.52,0,1,HARDER,2,1
Sequence,1,80.7,4.61,3,0,44.99,6.32,35.71,0,2,HARDER,2,1
Sequence,2,91.31,5.65,1,0,86.28,5.42,5.03,0,2,HARDER,2,1
Memory Association,2,58.78,9.15,4,2,33.8,11.58,24.98,2,4,EASIER,0,-1
N-Back,3,54.43,4.98,6,0,78.1,4.45,-23.67,0,5,EASIER,0,-1
Sequence,2,74.89,6.82,3,0,96.47,5.38,-21.58,0,4,EASIER,0,-1
N-Back,1,84.64,4.1,2,0,59.29,4.84,25.35,0,3,HARDER,2,1
Sequence,3,71.07,4.85,7,0,91.73,4.49,-20.66,0,0,EASIER,0,-1
Connect Cards,2,79.02,6.94,2,0,55.8,6.4,23.22,0,4,SAME,1,0
Face Recognition,1,83.25,5.57,1,0,41.29,6.25,41.96,0,3,HARDER,2,1
Memory Association,1,82.55,5.85,0,0,55.94,5.74,26.61,0,2,HARDER,2,1
Memory Association,1,65.07,7.38,3,2,54.28,9.02,10.79,2,2,SAME,1,0
Sequence,2,66.89,6.81,4,2,78.53,6.0,-11.64,1,0,EASIER,0,-1
Face Recognition,2,49.2,4.97,5,0,65.21,5.38,-16.01,1,1,EASIER,0,-1
Face Recognition,3,42.5,6.09,4,0,42.5,6.09,0.0,1,0,EASIER,0,-1
Face Recognition,1,92.18,5.26,0,0,74.44,5.5,17.74,0,5,HARDER,2,1
Connect Cards,3,72.72,5.92,3,0,58.7,6.11,14.02,0,3,SAME,1,0
Memory Association,3,79.19,6.51,1,0,80.44,5.54,-1.25,0,4,SAME,1,0
Connect Cards,3,46.05,6.32,7,0,56.85,7.26,-10.8,1,3,EASIER,0,-1
N-Back,3,46.17,5.7,4,0,81.11,4.83,-34.94,1,1,EASIER,0,-1
Face Recognition,2,56.21,3.93,5,0,62.6,4.68,-6.39,0,1,SAME,1,0
Connect Cards,2,85.54,5.1,2,0,83.12,5.24,2.42,0,5,SAME,1,0
Sequence,3,60.55,5.55,5,0,72.48,6.72,-11.93,0,3,SAME,1,0
N-Back,2,59.8,4.44,5,0,80.24,4.39,-20.44,0,6,EASIER,0,-1
Sequence,3,91.29,4.76,0,0,58.08,4.79,33.21,0,3,HARDER,2,1
Face Recognition,4,88.66,4.55,2,0,82.95,3.87,5.71,0,4,SAME,1,0
Face Recognition,2,44.12,6.22,6,0,92.45,4.71,-48.33,1,2,EASIER,0,-1
Memory Association,1,78.8,6.76,2,1,64.44,7.79,14.36,0,3,SAME,1,0
N-Back,3,50.67,3.31,5,0,69.16,3.07,-18.49,0,4,SAME,1,0
Memory Association,1,98.46,6.75,0,0,70.65,7.92,27.81,0,4,HARDER,2,1
Face Recognition,1,69.23,4.59,4,0,69.06,4.87,0.17,0,3,SAME,1,0
Sequence,3,76.18,6.52,2,1,96.54,5.11,-20.36,0,5,EASIER,0,-1
Face Recognition,1,75.67,4.79,2,0,77.92,4.87,-2.25,0,4,SAME,1,0
Sequence,4,56.12,5.53,4,0,84.17,5.78,-28.05,0,0,EASIER,0,-1
Face Recognition,4,65.37,5.75,4,0,95.27,6.41,-29.9,0,0,SAME,1,0
Memory Association,5,73.05,6.22,4,0,84.89,5.66,-11.84,0,5,SAME,1,0
Face Recognition,3,36.83,6.98,4,2,50.99,5.33,-14.16,1,1,EASIER,0,-1
Memory Association,3,54.69,8.28,8,1,70.69,8.13,-16.0,0,4,EASIER,0,-1
Face Recognition,1,73.24,4.22,3,0,82.2,3.69,-8.96,0,12,SAME,1,0
Connect Cards,1,71.24,6.15,4,0,69.86,6.01,1.38,0,3,SAME,1,0
N-Back,2,55.81,5.26,3,0,82.47,4.29,-26.66,0,3,EASIER,0,-1
Connect Cards,3,49.58,6.91,5,1,50.14,5.76,-0.56,1,1,EASIER,0,-1
Memory Association,1,100.0,7.0,0,0,88.13,5.57,11.87,0,4,HARDER,2,1
Memory Association,2,56.88,7.83,7,1,84.31,7.87,-27.43,0,2,EASIER,0,-1
Memory Association,3,66.08,9.78,2,2,92.91,8.77,-26.83,1,4,EASIER,0,-1
Memory Association,2,59.42,7.22,5,0,87.98,8.53,-28.56,0,0,EASIER,0,-1
Connect Cards,1,90.73,5.16,1,0,48.71,5.54,42.02,0,4,HARDER,2,1
Memory Association,2,80.9,7.82,3,0,57.35,9.22,23.55,0,1,HARDER,2,1
Memory Association,2,78.28,7.06,1,1,64.13,6.55,14.15,0,2,SAME,1,0
Face Recognition,2,54.74,5.69,5,0,83.42,5.89,-28.68,0,2,EASIER,0,-1
Face Recognition,3,73.16,5.86,3,0,65.78,5.61,7.38,0,6,SAME,1,0
Sequence,2,50.75,6.07,6,1,71.4,5.9,-20.65,0,3,EASIER,0,-1
Face Recognition,2,80.67,4.21,2,0,57.06,4.36,23.61,0,4,HARDER,2,1
Face Recognition,2,46.41,5.56,6,1,67.09,4.49,-20.68,1,4,EASIER,0,-1
Connect Cards,4,80.87,6.58,2,0,80.1,5.22,0.77,0,3,SAME,1,0
Sequence,2,93.45,4.65,0,0,93.45,4.65,0.0,0,0,HARDER,2,1
Memory Association,1,92.59,6.85,1,0,81.0,7.02,11.59,0,1,HARDER,2,1
N-Back,2,100.0,5.13,1,0,57.27,4.15,42.73,0,1,HARDER,2,1
Sequence,2,77.13,5.35,1,0,74.67,5.4,2.46,0,5,SAME,1,0
N-Back,4,93.63,3.89,0,0,77.18,4.49,16.45,0,4,HARDER,2,1
Memory Association,2,65.29,8.42,5,3,83.37,8.14,-18.08,1,3,EASIER,0,-1
Memory Association,4,88.41,6.07,3,0,72.87,6.5,15.54,0,4,HARDER,2,1
Face Recognition,2,59.34,5.69,3,0,69.47,5.27,-10.13,0,4,SAME,1,0
Connect Cards,2,59.65,6.03,3,0,82.32,5.27,-22.67,0,4,EASIER,0,-1
N-Back,3,81.4,3.86,1,0,76.9,3.59,4.5,0,4,SAME,1,0
Connect Cards,2,47.8,6.69,8,0,57.94,5.48,-10.14,1,2,EASIER,0,-1
Memory Association,1,87.92,8.2,0,1,87.19,8.41,0.73,0,1,SAME,1,0
Sequence,2,90.88,5.68,1,0,64.29,6.55,26.59,0,1,HARDER,2,1
Sequence,1,100.0,6.41,1,0,60.11,5.54,39.89,0,3,HARDER,2,1
N-Back,2,80.28,3.36,4,0,88.43,2.9,-8.15,0,1,SAME,1,0
N-Back,1,84.48,3.51,3,0,56.39,3.4,28.09,0,1,SAME,1,0
Memory Association,1,94.72,5.86,0,0,84.78,6.11,9.94,0,1,HARDER,2,1
Memory Association,5,65.3,7.17,3,1,76.81,6.19,-11.51,0,4,SAME,1,0
N-Back,3,64.72,4.66,3,0,91.35,4.78,-26.63,0,9,EASIER,0,-1
Memory Association,3,53.92,6.8,4,1,86.01,7.06,-32.09,0,5,EASIER,0,-1
Face Recognition,4,87.11,3.94,2,0,89.51,4.18,-2.4,0,6,SAME,1,0
Face Recognition,2,96.07,5.96,1,0,80.39,4.84,15.68,0,4,HARDER,2,1
Connect Cards,2,58.55,5.66,6,0,94.08,5.58,-35.53,0,7,EASIER,0,-1
Connect Cards,1,87.51,6.39,0,0,51.95,6.4,35.56,0,2,HARDER,2,1
Face Recognition,3,65.74,6.09,4,0,71.82,5.79,-6.08,0,1,SAME,1,0
Sequence,4,49.46,8.37,4,1,69.04,6.4,-19.58,1,3,EASIER,0,-1
N-Back,2,51.23,4.18,4,0,74.45,4.09,-23.22,0,4,EASIER,0,-1
Connect Cards,2,63.39,5.33,3,0,99.79,5.11,-36.4,0,4,EASIER,0,-1
Sequence,2,49.17,5.93,4,0,59.03,6.67,-9.86,1,1,EASIER,0,-1
Connect Cards,2,63.73,7.58,5,1,90.5,5.84,-26.77,0,5,EASIER,0,-1
Memory Association,1,83.9,5.64,1,0,67.67,6.72,16.23,0,2,HARDER,2,1
Connect Cards,2,39.11,6.73,6,0,60.1,4.9,-20.99,1,3,EASIER,0,-1
Memory Association,1,35.23,6.59,10,1,39.1,8.93,-3.87,3,1,SAME,1,0
Sequence,2,58.05,4.87,5,0,59.55,4.33,-1.5,0,2,SAME,1,0
Sequence,1,91.77,5.32,1,0,82.74,5.28,9.03,0,2,HARDER,2,1
Face Recognition,2,60.93,5.19,7,0,82.2,4.44,-21.27,0,1,EASIER,0,-1
N-Back,2,61.28,4.24,5,0,76.69,3.42,-15.41,0,2,EASIER,0,-1
Connect Cards,3,75.75,5.0,2,0,74.8,6.36,0.95,0,1,SAME,1,0
Memory Association,2,76.86,8.26,3,2,99.04,7.8,-22.18,1,1,EASIER,0,-1
Connect Cards,1,83.89,4.2,3,0,89.95,4.81,-6.06,0,2,SAME,1,0
Memory Association,3,67.89,7.77,5,2,55.73,6.79,12.16,1,2,EASIER,0,-1
Sequence,3,74.32,6.61,3,0,63.23,5.56,11.09,0,3,SAME,1,0
Sequence,1,89.64,5.35,1,0,89.38,5.82,0.26,0,2,SAME,1,0
N-Back,2,59.85,3.54,4,0,80.28,3.53,-20.43,0,2,EASIER,0,-1
Sequence,1,87.0,5.41,1,0,67.23,5.57,19.77,0,1,HARDER,2,1
Face Recognition,2,31.58,5.43,5,0,82.52,4.21,-50.94,1,1,EASIER,0,-1
Connect Cards,3,50.14,5.27,4,0,64.59,5.72,-14.45,0,3,SAME,1,0
Face Recognition,1,58.1,4.29,4,0,50.66,3.78,7.44,0,3,SAME,1,0
Sequence,3,52.67,6.71,7,0,82.85,6.16,-30.18,0,6,EASIER,0,-1
Memory Association,2,94.85,6.85,0,0,86.15,7.53,8.7,0,8,HARDER,2,1
Face Recognition,3,69.77,5.12,5,0,94.51,5.89,-24.74,0,2,EASIER,0,-1
Face Recognition,1,81.3,4.15,4,0,63.21,5.21,18.09,0,2,HARDER,2,1
Connect Cards,1,86.49,5.11,0,0,58.15,5.75,28.34,0,3,HARDER,2,1
Face Recognition,2,54.1,5.92,3,0,100.0,4.74,-45.9,0,3,EASIER,0,-1
Connect Cards,1,58.35,6.02,3,1,56.34,5.44,2.01,0,4,SAME,1,0
Connect Cards,4,62.12,6.75,4,0,98.26,5.94,-36.14,0,4,EASIER,0,-1
Connect Cards,2,84.99,7.35,2,1,96.96,6.49,-11.97,0,3,SAME,1,0
Connect Cards,1,71.54,5.88,3,0,46.45,6.66,25.09,0,5,SAME,1,0
Sequence,2,100.0,5.65,0,0,77.84,5.72,22.16,0,2,HARDER,2,1
N-Back,1,59.1,3.58,5,0,65.31,3.55,-6.21,0,0,SAME,1,0
Sequence,2,81.27,6.72,1,0,45.64,7.07,35.63,0,4,HARDER,2,1
N-Back,3,62.97,3.52,7,0,86.67,3.91,-23.7,0,8,EASIER,0,-1
Connect Cards,2,76.69,5.93,2,1,55.17,5.73,21.52,0,5,SAME,1,0
Face Recognition,2,53.11,5.54,6,0,95.55,4.5,-42.44,0,3,EASIER,0,-1
Sequence,2,77.55,4.61,3,0,53.79,5.27,23.76,0,6,SAME,1,0
N-Back,1,27.61,4.53,9,0,30.26,4.76,-2.65,3,0,SAME,1,0
N-Back,2,88.41,3.64,1,0,65.91,3.73,22.5,0,3,HARDER,2,1
Connect Cards,2,44.87,6.39,4,1,54.14,5.48,-9.27,1,5,EASIER,0,-1
Connect Cards,1,63.04,5.65,3,0,49.16,7.01,13.88,0,3,SAME,1,0
Memory Association,1,93.13,8.9,2,0,79.73,8.78,13.4,0,1,HARDER,2,1
Memory Association,1,71.5,7.1,4,0,71.39,6.2,0.11,0,2,SAME,1,0
Sequence,3,49.29,6.07,6,2,70.14,5.33,-20.85,1,2,EASIER,0,-1
Sequence,1,77.52,4.78,2,0,79.82,5.49,-2.3,0,2,SAME,1,0
Connect Cards,2,68.92,5.58,4,1,73.26,6.15,-4.34,0,4,SAME,1,0
N-Back,1,100.0,3.1,0,0,70.97,3.42,29.03,0,1,HARDER,2,1
Face Recognition,1,69.09,4.47,4,0,61.14,4.94,7.95,0,8,SAME,1,0
N-Back,3,48.99,5.13,7,0,77.15,3.58,-28.16,1,0,EASIER,0,-1
N-Back,2,84.63,4.39,3,0,83.7,4.19,0.93,0,5,SAME,1,0
Connect Cards,2,61.72,5.78,3,0,99.37,6.08,-37.65,0,3,EASIER,0,-1
Memory Association,1,99.24,8.21,0,0,83.61,6.59,15.63,0,2,HARDER,2,1
Memory Association,3,46.79,8.84,5,2,59.66,6.49,-12.87,1,3,EASIER,0,-1
N-Back,1,62.65,4.47,4,0,78.95,4.0,-16.3,0,4,SAME,1,0
Memory Association,1,65.67,7.1,3,2,73.03,7.07,-7.36,1,3,SAME,1,0
N-Back,1,83.03,3.26,0,0,82.2,3.44,0.83,0,1,SAME,1,0
Connect Cards,2,82.77,6.05,3,0,61.25,7.23,21.52,0,1,HARDER,2,1
Sequence,3,35.36,6.63,9,1,89.25,4.39,-53.89,1,3,EASIER,0,-1
N-Back,2,85.21,4.02,0,0,73.03,4.51,12.18,0,2,HARDER,2,1
Memory Association,3,64.91,8.71,5,2,73.41,10.39,-8.5,2,3,EASIER,0,-1
Face Recognition,3,52.9,6.38,5,0,60.06,6.8,-7.16,0,2,SAME,1,0
N-Back,1,90.02,3.83,0,0,77.88,4.01,12.14,0,2,HARDER,2,1
Connect Cards,3,93.39,4.3,1,0,81.24,4.55,12.15,0,2,HARDER,2,1
Memory Association,1,64.14,9.43,3,1,76.86,8.26,-12.72,0,2,SAME,1,0
Sequence,2,67.54,5.78,3,0,72.14,5.42,-4.6,0,2,SAME,1,0
Sequence,1,99.17,4.74,0,0,99.17,4.74,0.0,0,0,HARDER,2,1
Memory Association,3,57.62,7.61,6,2,72.49,7.17,-14.87,1,3,EASIER,0,-1
Memory Association,1,60.62,7.95,4,0,65.21,6.5,-4.59,0,0,SAME,1,0
Face Recognition,2,53.15,5.85,7,0,77.54,5.49,-24.39,0,6,EASIER,0,-1
Connect Cards,2,73.89,6.34,3,1,95.03,5.33,-21.14,0,1,EASIER,0,-1
N-Back,1,95.02,4.23,0,0,68.1,3.42,26.92,0,3,HARDER,2,1
Sequence,2,92.05,7.1,0,0,92.05,7.1,0.0,0,0,HARDER,2,1
Connect Cards,3,53.34,7.84,5,1,73.01,6.93,-19.67,0,5,EASIER,0,-1
Connect Cards,3,94.53,5.27,0,0,85.48,4.66,9.05,0,3,HARDER,2,1
Connect Cards,3,90.35,4.16,2,0,80.17,5.28,10.18,0,1,HARDER,2,1
Memory Association,3,84.56,6.6,3,0,67.23,6.98,17.33,0,1,HARDER,2,1
N-Back,2,67.3,4.85,5,0,56.92,5.07,10.38,0,1,SAME,1,0
Sequence,1,87.81,4.78,2,0,75.55,4.51,12.26,0,2,SAME,1,0
Connect Cards,1,95.03,5.33,0,0,74.18,5.7,20.85,0,0,HARDER,2,1
Face Recognition,1,70.75,4.37,2,0,70.75,4.37,0.0,0,0,SAME,1,0
Memory Association,2,69.97,8.73,2,1,66.08,9.78,3.89,0,5,SAME,1,0
Connect Cards,3,97.3,5.45,1,0,59.56,5.35,37.74,0,3,HARDER,2,1
Memory Association,1,71.27,7.86,3,0,80.61,8.56,-9.34,0,2,SAME,1,0
Connect Cards,4,55.87,4.83,4,0,72.89,5.9,-17.02,0,5,SAME,1,0
N-Back,2,67.18,4.45,6,0,58.61,3.77,8.57,0,3,SAME,1,0
Face Recognition,2,55.78,5.76,4,0,81.48,5.57,-25.7,0,1,EASIER,0,-1
Sequence,1,89.1,4.85,2,0,68.18,5.62,20.92,0,5,HARDER,2,1
Sequence,4,99.54,6.45,1,0,86.58,6.44,12.96,0,4,HARDER,2,1
Sequence,1,96.17,5.13,0,0,63.12,6.79,33.05,0,4,HARDER,2,1
Memory Association,2,71.21,7.32,4,1,76.76,7.18,-5.55,0,3,SAME,1,0
Memory Association,2,57.53,7.36,4,1,80.72,8.39,-23.19,0,1,EASIER,0,-1
Face Recognition,3,99.43,3.74,1,0,84.46,4.12,14.97,0,3,HARDER,2,1
Connect Cards,2,75.63,7.17,2,1,96.01,6.96,-20.38,0,3,SAME,1,0
Connect Cards,2,90.76,7.27,0,0,77.92,6.64,12.84,0,5,HARDER,2,1
Sequence,1,85.45,5.43,2,0,64.29,6.06,21.16,0,2,HARDER,2,1
Memory Association,2,60.82,7.45,5,1,81.62,7.02,-20.8,0,2,EASIER,0,-1
Face Recognition,2,84.82,3.23,4,0,73.21,3.64,11.61,0,2,SAME,1,0
N-Back,2,63.57,4.72,6,0,81.29,3.88,-17.72,0,0,EASIER,0,-1
N-Back,3,93.21,2.86,3,0,80.98,3.51,12.23,0,7,HARDER,2,1
N-Back,1,81.17,3.12,2,0,45.88,4.28,35.29,0,2,HARDER,2,1
N-Back,1,79.95,4.21,2,0,80.57,4.04,-0.62,0,3,SAME,1,0
Face Recognition,2,59.86,5.41,5,0,81.62,5.81,-21.76,0,3,EASIER,0,-1
N-Back,2,22.26,5.02,12,1,81.57,3.56,-59.31,1,3,EASIER,0,-1
Face Recognition,3,84.38,4.67,1,0,74.39,5.79,9.99,0,2,SAME,1,0
Connect Cards,4,89.5,4.51,0,0,82.66,5.26,6.84,0,3,HARDER,2,1
Connect Cards,2,60.55,6.2,5,1,72.67,5.74,-12.12,0,3,EASIER,0,-1
Connect Cards,2,81.51,7.45,3,2,91.9,6.6,-10.39,1,3,EASIER,0,-1
Memory Association,3,92.43,7.92,1,1,78.6,7.69,13.83,0,2,SAME,1,0
Memory Association,3,55.35,7.8,5,2,68.22,6.28,-12.87,1,6,EASIER,0,-1
Sequence,2,43.39,7.39,6,1,61.89,4.63,-18.5,1,2,EASIER,0,-1
Memory Association,2,47.67,9.3,4,0,48.86,8.34,-1.19,2,1,EASIER,0,-1
Face Recognition,1,89.27,5.58,2,1,64.46,5.01,24.81,0,3,SAME,1,0
Memory Association,1,61.07,6.97,4,0,84.97,6.56,-23.9,0,4,SAME,1,0
N-Back,2,88.87,3.93,0,0,77.12,4.5,11.75,0,1,HARDER,2,1
Memory Association,2,41.3,6.98,5,2,66.36,5.91,-25.06,1,4,EASIER,0,-1
Memory Association,3,53.78,6.45,5,0,95.99,7.28,-42.21,0,7,EASIER,0,-1
Sequence,3,35.56,6.39,8,1,67.29,5.76,-31.73,1,2,EASIER,0,-1
Memory Association,1,80.16,8.29,2,0,54.75,8.66,25.41,0,6,HARDER,2,1
Sequence,2,40.41,5.13,7,0,51.56,5.63,-11.15,1,3,EASIER,0,-1
Connect Cards,2,74.28,5.1,4,0,80.44,5.83,-6.16,0,1,SAME,1,0
Connect Cards,2,94.4,6.52,1,0,85.37,5.42,9.03,0,4,HARDER,2,1
Face Recognition,2,59.34,4.91,3,0,58.45,5.17,0.89,0,4,SAME,1,0
Face Recognition,1,94.31,5.3,1,0,67.79,4.96,26.52,0,7,HARDER,2,1
Face Recognition,4,42.38,5.1,8,0,82.18,5.05,-39.8,1,1,EASIER,0,-1
Memory Association,1,90.92,7.58,2,0,85.14,7.45,5.78,0,5,HARDER,2,1
N-Back,2,40.53,4.71,6,0,58.19,3.92,-17.66,1,3,EASIER,0,-1
Connect Cards,3,71.42,5.61,5,1,93.54,4.88,-22.12,0,1,EASIER,0,-1
Sequence,4,81.03,5.08,2,0,76.94,4.38,4.09,0,3,SAME,1,0
N-Back,2,57.31,4.35,5,0,66.4,4.73,-9.09,0,2,SAME,1,0
N-Back,2,53.61,3.69,6,0,74.84,3.68,-21.23,0,2,EASIER,0,-1
Memory Association,3,64.17,7.11,4,0,85.9,6.86,-21.73,0,3,EASIER,0,-1
Sequence,1,89.2,5.12,2,0,62.47,5.55,26.73,0,4,HARDER,2,1
Sequence,2,60.6,6.9,4,1,66.32,6.76,-5.72,0,5,SAME,1,0
Sequence,1,37.13,6.0,5,1,43.64,6.54,-6.51,2,3,SAME,1,0
Connect Cards,2,73.04,6.57,4,0,48.54,10.41,24.5,0,1,SAME,1,0
Connect Cards,2,81.45,5.72,2,0,64.62,7.7,16.83,0,4,HARDER,2,1
N-Back,3,63.58,4.88,5,0,99.82,5.07,-36.24,0,2,EASIER,0,-1
Face Recognition,1,86.45,4.35,1,0,63.74,5.43,22.71,0,6,HARDER,2,1
Face Recognition,2,60.21,4.65,2,0,78.5,3.73,-18.29,0,2,SAME,1,0
Memory Association,2,92.3,6.02,0,0,63.94,5.8,28.36,0,4,HARDER,2,1
Connect Cards,2,55.23,5.78,5,1,76.57,6.64,-21.34,0,2,EASIER,0,-1
Connect Cards,3,41.65,7.03,5,0,41.65,7.03,0.0,1,0,EASIER,0,-1
Connect Cards,2,68.05,5.58,4,1,64.37,7.18,3.68,0,4,SAME,1,0
Sequence,2,59.69,5.68,3,1,80.32,5.86,-20.63,0,2,EASIER,0,-1
Face Recognition,2,72.28,5.0,4,0,54.57,4.84,17.71,0,2,SAME,1,0
Face Recognition,3,42.4,5.26,8,0,50.56,4.75,-8.16,1,1,EASIER,0,-1
N-Back,3,92.45,3.16,2,0,76.42,4.07,16.03,0,5,HARDER,2,1
N-Back,2,66.4,4.83,2,0,70.36,4.06,-3.96,0,3,SAME,1,0
Sequence,2,96.54,5.11,0,0,84.15,6.75,12.39,0,4,HARDER,2,1
N-Back,2,63.41,3.93,5,0,87.65,3.56,-24.24,0,4,EASIER,0,-1
Sequence,3,51.57,5.33,6,1,90.81,5.06,-39.24,0,1,EASIER,0,-1
Connect Cards,3,48.15,7.73,4,1,65.46,7.21,-17.31,2,2,EASIER,0,-1
N-Back,2,60.35,3.8,3,0,95.02,4.23,-34.67,0,0,EASIER,0,-1
Sequence,2,72.47,5.36,4,0,79.24,6.28,-6.77,0,3,SAME,1,0
Connect Cards,1,59.45,6.14,4,1,67.48,5.57,-8.03,0,2,SAME,1,0
Sequence,1,81.47,4.74,2,0,55.61,6.16,25.86,0,6,HARDER,2,1
Face Recognition,1,89.49,5.35,1,0,55.78,5.76,33.71,0,1,HARDER,2,1
Memory Association,3,62.68,6.6,4,1,100.0,8.08,-37.32,0,3,EASIER,0,-1
Connect Cards,2,59.56,6.38,7,1,79.51,6.13,-19.95,0,4,EASIER,0,-1
Memory Association,3,37.81,9.78,9,1,63.55,8.55,-25.74,1,1,EASIER,0,-1
Memory Association,3,72.7,6.08,4,0,86.8,7.4,-14.1,0,3,SAME,1,0
Face Recognition,1,63.96,5.16,2,0,63.11,4.52,0.85,0,6,SAME,1,0
Connect Cards,1,87.04,6.02,1,0,65.72,6.21,21.32,0,5,HARDER,2,1
Sequence,3,32.55,7.19,7,0,66.59,6.11,-34.04,1,1,EASIER,0,-1
N-Back,3,83.17,3.22,3,0,90.32,3.23,-7.15,0,1,SAME,1,0
Sequence,3,90.21,5.23,2,0,76.93,5.24,13.28,0,3,HARDER,2,1
Sequence,1,69.53,5.81,4,0,57.42,5.25,12.11,0,3,SAME,1,0
Connect Cards,1,75.04,6.66,2,1,83.53,5.6,-8.49,0,1,SAME,1,0
Sequence,2,51.96,5.44,4,0,85.73,6.57,-33.77,0,3,EASIER,0,-1
N-Back,2,81.67,3.34,3,0,65.65,4.05,16.02,0,3,HARDER,2,1
Memory Association,1,77.1,6.27,4,1,55.68,7.26,21.42,0,5,SAME,1,0
Connect Cards,3,58.85,5.77,3,0,81.42,4.98,-22.57,0,3,EASIER,0,-1
Face Recognition,4,68.98,6.43,3,0,90.69,5.31,-21.71,0,3,EASIER,0,-1
Memory Association,1,85.39,7.61,2,0,59.3,8.38,26.09,0,1,HARDER,2,1
Sequence,1,80.25,4.35,4,0,63.56,5.04,16.69,0,2,HARDER,2,1
Face Recognition,2,56.53,3.85,3,0,82.55,4.71,-26.02,0,3,EASIER,0,-1
Connect Cards,1,80.59,6.38,0,0,58.92,6.57,21.67,0,6,HARDER,2,1
N-Back,3,91.98,4.22,0,0,85.82,4.42,6.16,0,2,HARDER,2,1
Connect Cards,2,93.4,5.94,0,1,74.57,7.12,18.83,0,2,HARDER,2,1
Connect Cards,3,57.39,6.54,5,1,62.73,5.1,-5.34,0,3,EASIER,0,-1
Connect Cards,3,90.09,5.99,1,0,80.62,5.29,9.47,0,4,HARDER,2,1
N-Back,1,87.09,3.83,2,0,47.86,5.5,39.23,0,3,HARDER,2,1
N-Back,1,85.2,3.13,1,0,61.43,3.27,23.77,0,3,HARDER,2,1
Face Recognition,1,76.45,5.58,4,0,78.77,5.38,-2.32,0,3,SAME,1,0
Face Recognition,1,95.02,3.98,1,0,68.39,4.51,26.63,0,3,HARDER,2,1
Connect Cards,1,91.26,5.36,0,0,77.57,6.06,13.69,0,2,HARDER,2,1
N-Back,2,89.68,4.87,2,0,66.55,4.89,23.13,0,5,HARDER,2,1
N-Back,3,62.76,3.31,4,0,83.9,3.95,-21.14,0,1,EASIER,0,-1
Memory Association,2,57.73,9.87,5,1,66.96,7.41,-9.23,0,1,EASIER,0,-1
Face Recognition,2,90.11,5.89,0,0,74.81,5.89,15.3,0,7,HARDER,2,1
Memory Association,1,100.0,7.76,1,0,72.81,7.41,27.19,0,2,HARDER,2,1
Sequence,2,50.95,6.41,6,2,61.08,6.01,-10.13,1,4,EASIER,0,-1
Connect Cards,3,54.14,6.5,4,3,83.2,5.96,-29.06,1,3,EASIER,0,-1
Face Recognition,2,54.78,4.72,6,0,40.4,6.93,14.38,0,2,SAME,1,0
Sequence,3,44.35,6.23,6,0,83.01,5.29,-38.66,1,2,EASIER,0,-1
Memory Association,3,73.4,7.57,3,0,84.04,8.78,-10.64,0,3,SAME,1,0
Memory Association,3,51.54,6.88,5,1,68.05,6.2,-16.51,0,3,EASIER,0,-1
Face Recognition,3,39.74,6.83,6,1,62.43,5.5,-22.69,1,4,EASIER,0,-1
Face Recognition,2,48.25,6.11,6,0,66.45,6.18,-18.2,1,4,EASIER,0,-1
N-Back,2,87.35,4.27,2,0,57.12,5.29,30.23,0,1,HARDER,2,1
Memory Association,2,59.1,7.71,5,1,70.77,6.87,-11.67,0,3,EASIER,0,-1
Sequence,2,80.77,6.08,2,1,82.31,6.62,-1.54,0,2,SAME,1,0
Face Recognition,2,34.69,5.6,4,0,53.88,5.49,-19.19,1,3,EASIER,0,-1
Face Recognition,1,74.15,3.99,1,0,72.05,4.12,2.1,0,2,SAME,1,0
Connect Cards,3,58.09,6.47,6,1,89.42,7.24,-31.33,0,8,EASIER,0,-1
Sequence,1,88.79,4.51,2,0,50.39,5.78,38.4,0,1,HARDER,2,1
Memory Association,2,60.51,8.1,4,0,92.51,6.4,-32.0,0,5,EASIER,0,-1
Sequence,3,84.15,6.75,3,2,81.47,5.31,2.68,1,3,EASIER,0,-1
Face Recognition,1,74.81,5.83,2,0,64.74,6.0,10.07,0,6,SAME,1,0
Memory Association,2,79.05,7.93,2,0,98.74,7.37,-19.69,0,5,SAME,1,0
Sequence,2,49.12,7.68,5,0,57.51,5.06,-8.39,1,1,EASIER,0,-1
Memory Association,2,97.8,5.42,0,0,81.09,5.9,16.71,0,2,HARDER,2,1
Face Recognition,2,86.91,4.15,0,0,82.15,3.88,4.76,0,5,SAME,1,0
Memory Association,2,68.33,8.54,3,2,79.28,8.66,-10.95,1,2,EASIER,0,-1
N-Back,2,71.59,4.68,2,0,82.04,4.76,-10.45,0,6,SAME,1,0
Face Recognition,2,90.88,5.45,0,0,62.74,4.84,28.14,0,8,HARDER,2,1
N-Back,3,82.76,3.47,1,0,65.4,3.86,17.36,0,3,HARDER,2,1
N-Back,3,50.21,3.5,8,0,81.67,3.34,-31.46,0,4,EASIER,0,-1
Face Recognition,2,42.83,6.05,6,0,68.33,4.98,-25.5,1,2,EASIER,0,-1
Connect Cards,1,74.69,5.41,3,0,84.55,6.35,-9.86,0,3,SAME,1,0
Face Recognition,1,80.64,4.33,4,0,43.28,6.15,37.36,0,2,HARDER,2,1
Sequence,3,41.96,6.07,5,0,60.02,4.24,-18.06,1,1,EASIER,0,-1
Connect Cards,1,63.31,5.9,4,0,79.67,5.44,-16.36,0,4,SAME,1,0
Face Recognition,2,82.26,4.12,2,0,62.0,4.5,20.26,0,1,HARDER,2,1
Memory Association,1,93.03,7.92,1,0,85.44,8.1,7.59,0,4,HARDER,2,1
N-Back,2,62.58,3.56,6,0,86.24,3.93,-23.66,0,2,EASIER,0,-1
Connect Cards,3,77.2,7.87,3,2,100.0,7.1,-22.8,1,1,EASIER,0,-1
Sequence,2,41.18,6.32,5,1,52.91,4.27,-11.73,1,0,EASIER,0,-1
Connect Cards,2,71.82,5.44,2,0,68.05,5.58,3.77,0,4,SAME,1,0
Memory Association,3,71.2,8.55,4,0,67.15,7.86,4.05,0,1,SAME,1,0
Connect Cards,2,75.05,4.55,3,0,58.14,5.2,16.91,0,4,SAME,1,0
Face Recognition,1,74.36,4.93,4,0,76.16,4.82,-1.8,0,3,SAME,1,0
Connect Cards,2,51.11,6.86,3,0,86.09,5.8,-34.98,0,3,EASIER,0,-1
Connect Cards,1,50.3,4.6,7,0,60.54,4.92,-10.24,0,3,SAME,1,0
Memory Association,2,54.69,6.63,5,2,54.69,6.63,0.0,1,0,EASIER,0,-1
Memory Association,2,80.38,7.68,2,0,58.82,9.36,21.56,0,3,HARDER,2,1
Connect Cards,2,49.51,6.36,5,0,85.91,5.39,-36.4,1,4,EASIER,0,-1
Connect Cards,2,46.33,6.28,7,0,61.54,5.57,-15.21,1,3,EASIER,0,-1
Sequence,2,91.74,5.74,2,1,71.68,5.51,20.06,0,3,HARDER,2,1
N-Back,3,53.46,5.28,3,2,66.58,4.74,-13.12,1,0,EASIER,0,-1
Memory Association,2,59.43,7.51,4,0,94.89,9.13,-35.46,0,3,EASIER,0,-1
Face Recognition,1,84.6,5.42,2,0,65.5,5.5,19.1,0,6,HARDER,2,1
Memory Association,2,84.0,8.36,1,1,80.85,7.98,3.15,0,1,SAME,1,0
N-Back,4,85.35,4.29,0,0,91.75,3.24,-6.4,0,3,SAME,1,0
Face Recognition,4,61.53,6.11,2,1,96.99,5.61,-35.46,0,2,EASIER,0,-1
Connect Cards,2,43.37,7.04,6,0,88.16,5.03,-44.79,1,4,EASIER,0,-1
Face Recognition,3,43.48,7.22,7,0,43.48,7.22,0.0,1,0,EASIER,0,-1
N-Back,1,70.56,3.99,4,0,71.36,4.39,-0.8,0,6,SAME,1,0
N-Back,1,94.6,3.71,0,0,29.98,3.96,64.62,0,3,HARDER,2,1
Sequence,3,36.68,7.33,9,0,36.68,7.33,0.0,1,0,EASIER,0,-1
Connect Cards,2,64.45,4.67,4,0,85.89,4.57,-21.44,0,1,EASIER,0,-1
Connect Cards,2,98.7,6.22,0,1,82.59,5.76,16.11,0,4,HARDER,2,1
N-Back,3,59.09,3.8,5,0,92.95,4.24,-33.86,0,3,EASIER,0,-1
Sequence,2,54.5,6.97,4,0,81.15,5.64,-26.65,0,6,EASIER,0,-1
Sequence,1,44.59,5.15,7,0,41.01,5.79,3.58,7,3,SAME,1,0
Sequence,3,44.87,5.88,5,0,44.87,5.88,0.0,1,0,EASIER,0,-1
Sequence,2,23.06,6.2,8,3,68.96,5.59,-45.9,1,4,EASIER,0,-1
Sequence,2,60.02,5.06,6,0,81.7,4.94,-21.68,0,5,EASIER,0,-1
Memory Association,1,82.82,7.11,3,0,60.52,7.71,22.3,0,5,HARDER,2,1
Connect Cards,2,90.25,5.57,1,0,83.78,4.66,6.47,0,0,HARDER,2,1
Face Recognition,2,59.14,5.16,4,0,99.81,4.34,-40.67,0,2,EASIER,0,-1
N-Back,1,67.91,4.8,4,0,75.08,4.52,-7.17,0,2,SAME,1,0
Memory Association,2,83.45,9.14,2,1,76.04,9.02,7.41,0,3,SAME,1,0
Memory Association,1,90.84,6.09,1,0,78.26,6.11,12.58,0,2,HARDER,2,1
Connect Cards,1,76.2,5.32,3,0,60.74,4.75,15.46,0,2,SAME,1,0
Connect Cards,2,70.66,6.47,3,0,92.44,5.31,-21.78,0,2,EASIER,0,-1
N-Back,1,88.3,3.4,3,0,59.07,3.98,29.23,0,2,HARDER,2,1
Face Recognition,3,52.32,4.54,4,0,79.32,4.67,-27.0,0,5,EASIER,0,-1
Sequence,2,89.08,6.57,2,3,81.08,5.99,8.0,1,3,SAME,1,0
Connect Cards,1,86.95,4.97,0,0,50.48,5.47,36.47,0,3,HARDER,2,1
Sequence,2,94.1,4.47,3,0,73.96,4.61,20.14,0,0,HARDER,2,1
N-Back,4,95.73,4.6,1,0,82.27,5.44,13.46,0,2,HARDER,2,1
Memory Association,3,92.23,9.12,0,1,74.58,8.86,17.65,0,3,HARDER,2,1
Face Recognition,1,63.69,4.44,4,0,50.19,3.92,13.5,0,6,SAME,1,0
N-Back,1,74.3,4.33,2,0,56.42,4.9,17.88,0,2,SAME,1,0
Connect Cards,2,55.09,6.28,7,0,80.23,5.81,-25.14,0,2,EASIER,0,-1
Connect Cards,2,45.1,8.68,7,1,35.66,8.84,9.44,2,1,EASIER,0,-1
Connect Cards,3,68.32,5.95,5,0,79.03,5.74,-10.71,0,1,SAME,1,0
Memory Association,3,72.98,7.97,3,2,76.08,8.51,-3.1,1,2,SAME,1,0
Face Recognition,1,81.62,4.19,1,0,80.71,4.19,0.91,0,2,SAME,1,0
Connect Cards,2,100.0,7.1,0,1,57.55,7.4,42.45,0,0,HARDER,2,1
Face Recognition,1,68.07,4.99,3,0,57.29,5.64,10.78,0,7,SAME,1,0
Connect Cards,2,58.35,6.4,3,0,79.22,6.85,-20.87,0,2,EASIER,0,-1
Sequence,1,85.34,4.64,1,0,56.53,4.85,28.81,0,2,HARDER,2,1
Connect Cards,2,57.0,5.83,6,0,90.01,7.26,-33.01,0,2,EASIER,0,-1
Face Recognition,2,42.91,6.14,6,1,71.91,5.19,-29.0,1,1,EASIER,0,-1
Memory Association,3,48.85,8.89,6,2,62.11,7.64,-13.26,1,4,EASIER,0,-1
N-Back,2,63.67,3.81,3,0,91.89,3.24,-28.22,0,4,EASIER,0,-1
Memory Association,2,34.75,10.19,9,0,56.75,7.58,-22.0,1,8,EASIER,0,-1
Memory Association,2,41.73,7.4,5,0,87.77,6.11,-46.04,1,4,EASIER,0,-1
N-Back,1,62.29,3.92,5,0,78.92,3.83,-16.63,0,4,SAME,1,0
Connect Cards,2,100.0,6.91,1,0,78.57,5.8,21.43,0,3,HARDER,2,1
Face Recognition,2,44.13,5.77,6,0,67.56,4.15,-23.43,1,7,EASIER,0,-1
N-Back,1,94.12,3.5,2,0,59.29,4.11,34.83,0,3,HARDER,2,1
Sequence,1,88.98,5.74,0,0,59.49,6.75,29.49,0,3,HARDER,2,1
Connect Cards,3,60.19,5.61,3,2,67.3,6.43,-7.11,1,1,EASIER,0,-1
Face Recognition,1,80.33,4.1,3,0,86.65,3.78,-6.32,0,3,SAME,1,0
N-Back,2,90.13,3.9,2,0,90.13,3.9,0.0,0,0,HARDER,2,1
Face Recognition,2,61.74,4.98,4,0,85.76,4.51,-24.02,0,3,EASIER,0,-1
Connect Cards,1,80.03,4.46,2,0,55.58,4.99,24.45,0,3,HARDER,2,1
Sequence,3,75.26,4.82,3,0,90.26,4.23,-15.0,0,1,SAME,1,0
Sequence,2,100.0,4.54,0,0,86.11,5.87,13.89,0,6,HARDER,2,1
Memory Association,3,49.36,9.01,5,0,49.36,9.01,0.0,1,0,EASIER,0,-1
Connect Cards,2,52.42,6.85,6,1,52.42,6.85,0.0,0,0,SAME,1,0
Connect Cards,1,62.21,5.43,5,0,46.52,6.33,15.69,0,4,SAME,1,0
Connect Cards,1,89.46,5.36,2,0,59.07,6.15,30.39,0,2,HARDER,2,1
Connect Cards,3,57.22,5.5,5,2,62.09,4.62,-4.87,1,3,EASIER,0,-1
Connect Cards,4,92.69,5.36,1,0,96.14,6.03,-3.45,0,3,HARDER,2,1
N-Back,2,53.55,3.4,5,0,83.59,3.44,-30.04,0,1,EASIER,0,-1
Connect Cards,2,71.76,6.82,3,0,80.71,6.57,-8.95,0,2,SAME,1,0
Face Recognition,3,90.42,6.34,1,0,76.55,5.52,13.87,0,3,HARDER,2,1
Face Recognition,3,61.1,4.95,5,0,76.91,4.48,-15.81,0,2,SAME,1,0
N-Back,1,93.43,4.07,0,0,87.65,3.9,5.78,0,3,HARDER,2,1
Memory Association,2,74.09,6.71,4,1,77.26,7.4,-3.17,0,2,SAME,1,0
Face Recognition,2,87.52,4.2,2,0,78.9,4.98,8.62,0,3,SAME,1,0
Connect Cards,2,48.08,7.7,8,1,48.08,7.7,0.0,1,0,EASIER,0,-1
Memory Association,1,66.69,6.81,2,1,66.69,6.81,0.0,0,0,SAME,1,0
Sequence,2,90.89,5.97,2,0,82.3,4.7,8.59,0,2,HARDER,2,1
Sequence,3,53.79,5.27,6,0,74.17,4.63,-20.38,0,6,EASIER,0,-1
Face Recognition,2,86.6,4.86,1,0,66.69,5.46,19.91,0,3,HARDER,2,1
Memory Association,3,62.81,9.12,5,1,57.34,7.29,5.47,0,1,EASIER,0,-1
Connect Cards,2,50.92,5.61,7,0,84.43,6.23,-33.51,0,6,EASIER,0,-1
N-Back,4,69.1,5.38,5,0,95.83,4.97,-26.73,0,3,EASIER,0,-1
Sequence,1,60.11,5.04,6,0,82.57,5.98,-22.46,0,2,SAME,1,0
Connect Cards,3,61.48,6.07,3,0,81.9,5.9,-20.42,0,3,EASIER,0,-1
Sequence,2,87.13,4.8,0,0,68.47,4.94,18.66,0,1,HARDER,2,1
Memory Association,2,66.04,8.65,6,2,90.92,7.58,-24.88,1,5,EASIER,0,-1
Face Recognition,3,72.99,5.05,4,0,76.96,4.25,-3.97,0,1,SAME,1,0
Sequence,2,89.89,5.34,2,0,69.22,5.6,20.67,0,2,HARDER,2,1
Connect Cards,1,88.53,6.09,1,0,72.23,6.97,16.3,0,2,HARDER,2,1
Face Recognition,1,92.96,5.13,2,0,55.62,5.03,37.34,0,6,HARDER,2,1
N-Back,2,38.16,3.8,9,0,68.35,3.95,-30.19,1,1,EASIER,0,-1
Connect Cards,3,84.18,5.65,2,0,84.1,5.72,0.08,0,2,SAME,1,0
Face Recognition,1,85.85,4.53,1,0,53.15,5.35,32.7,0,3,HARDER,2,1
Connect Cards,1,89.35,5.86,1,0,68.09,5.54,21.26,0,5,SAME,1,0
Memory Association,3,90.95,5.31,3,0,77.3,5.25,13.65,0,0,HARDER,2,1
Face Recognition,3,49.88,5.48,7,0,49.88,5.48,0.0,1,0,EASIER,0,-1
Memory Association,4,82.8,7.15,3,0,89.23,7.04,-6.43,0,1,SAME,1,0
N-Back,2,72.77,3.18,4,0,50.17,3.71,22.6,0,2,SAME,1,0
Face Recognition,1,84.06,5.91,1,0,54.1,5.92,29.96,0,3,HARDER,2,1
Sequence,2,61.27,4.78,5,0,51.68,5.21,9.59,0,1,SAME,1,0
Face Recognition,1,80.93,5.58,0,0,70.72,5.6,10.21,0,5,HARDER,2,1
Connect Cards,2,83.08,5.12,2,0,62.84,5.14,20.24,0,4,HARDER,2,1
Face Recognition,3,90.34,4.69,2,0,83.91,3.83,6.43,0,2,HARDER,2,1
Memory Association,1,98.82,7.15,0,0,61.58,7.26,37.24,0,2,HARDER,2,1
Sequence,2,87.73,4.78,1,0,66.55,5.1,21.18,0,5,HARDER,2,1
Connect Cards,3,67.87,4.69,5,0,88.04,4.7,-20.17,0,1,EASIER,0,-1
Connect Cards,2,47.74,5.92,5,0,56.03,5.02,-8.29,1,3,EASIER,0,-1
N-Back,2,47.77,4.45,6,0,57.21,3.82,-9.44,1,1,EASIER,0,-1
N-Back,2,62.52,4.21,7,0,67.51,4.16,-4.99,0,0,SAME,1,0
Face Recognition,2,49.75,6.46,4,0,63.12,4.64,-13.37,1,3,EASIER,0,-1
Connect Cards,2,39.52,6.35,7,0,67.56,6.2,-28.04,1,2,EASIER,0,-1
N-Back,1,82.34,4.17,4,0,61.97,4.61,20.37,0,2,HARDER,2,1
N-Back,2,82.8,3.62,2,0,59.26,3.89,23.54,0,3,HARDER,2,1
Connect Cards,1,87.64,4.68,1,0,43.76,5.96,43.88,0,0,HARDER,2,1
N-Back,1,93.0,4.83,2,0,57.24,5.43,35.76,0,2,HARDER,2,1
Sequence,3,44.84,6.06,7,0,78.75,4.96,-33.91,1,2,EASIER,0,-1
Memory Association,3,90.66,7.77,0,1,70.98,6.99,19.68,0,1,HARDER,2,1
N-Back,2,90.94,3.23,0,0,64.87,4.1,26.07,0,5,HARDER,2,1
N-Back,2,64.71,4.4,3,0,85.13,4.75,-20.42,0,2,EASIER,0,-1
Face Recognition,2,97.39,4.53,1,0,84.24,5.3,13.15,0,4,HARDER,2,1
Connect Cards,4,55.7,6.09,7,0,80.9,6.11,-25.2,0,3,EASIER,0,-1
N-Back,2,75.84,4.94,1,0,66.87,4.68,8.97,0,2,SAME,1,0
Connect Cards,1,93.14,6.88,1,0,59.56,6.38,33.58,0,0,HARDER,2,1
Connect Cards,3,71.77,6.25,2,0,93.2,5.52,-21.43,0,2,SAME,1,0
N-Back,1,72.28,3.93,3,0,48.55,4.73,23.73,0,5,SAME,1,0
Connect Cards,3,48.13,6.3,4,0,48.13,6.3,0.0,1,0,EASIER,0,-1
N-Back,2,92.09,4.32,1,0,60.78,3.82,31.31,0,3,HARDER,2,1
Connect Cards,1,85.48,4.9,2,0,56.0,6.0,29.48,0,5,HARDER,2,1
Connect Cards,1,71.04,5.86,4,0,62.35,6.42,8.69,0,3,SAME,1,0
N-Back,4,71.31,3.9,4,0,71.09,3.56,0.22,0,1,SAME,1,0
Connect Cards,1,71.17,5.58,5,0,86.15,5.72,-14.98,0,3,SAME,1,0
N-Back,3,65.86,3.67,1,0,72.29,4.18,-6.43,0,0,SAME,1,0
Memory Association,3,55.74,6.99,5,2,86.31,8.57,-30.57,1,3,EASIER,0,-1
Memory Association,2,80.41,7.52,2,0,82.97,7.39,-2.56,0,4,SAME,1,0
Connect Cards,3,91.7,4.25,0,0,87.14,4.21,4.56,0,0,HARDER,2,1
Sequence,1,93.95,5.11,2,0,67.34,5.66,26.61,0,4,HARDER,2,1
Face Recognition,1,65.4,4.28,6,0,53.17,5.48,12.23,0,2,SAME,1,0
Face Recognition,2,94.51,5.89,1,0,81.04,5.92,13.47,0,4,HARDER,2,1
N-Back,1,100.0,4.6,1,0,85.2,4.04,14.8,0,4,HARDER,2,1
Memory Association,1,83.69,5.56,1,0,64.84,7.54,18.85,0,5,HARDER,2,1
N-Back,2,94.29,3.5,0,0,95.84,3.19,-1.55,0,1,HARDER,2,1
Connect Cards,4,59.17,7.16,3,0,82.8,6.17,-23.63,0,1,EASIER,0,-1
N-Back,4,77.39,3.98,3,0,78.05,3.69,-0.66,0,2,SAME,1,0
Sequence,2,75.29,4.8,4,0,66.35,5.55,8.94,0,1,SAME,1,0
Face Recognition,3,60.14,5.04,3,0,91.74,4.7,-31.6,0,2,EASIER,0,-1
Connect Cards,2,59.28,6.56,5,0,61.4,6.94,-2.12,0,4,SAME,1,0
Face Recognition,2,86.57,4.41,1,0,61.53,5.73,25.04,0,2,HARDER,2,1
N-Back,3,82.63,3.27,1,0,78.85,3.36,3.78,0,5,SAME,1,0
Connect Cards,3,92.79,5.22,0,0,77.02,5.53,15.77,0,2,HARDER,2,1
Face Recognition,2,88.36,5.59,0,0,69.8,4.5,18.56,0,3,HARDER,2,1
N-Back,3,86.73,3.82,2,0,85.62,3.83,1.11,0,3,SAME,1,0
Connect Cards,2,73.05,5.8,4,0,70.36,6.8,2.69,0,3,SAME,1,0
Face Recognition,2,50.22,4.92,6,0,84.47,4.54,-34.25,0,5,EASIER,0,-1
Memory Association,2,77.31,7.95,2,0,74.38,7.92,2.93,0,6,SAME,1,0
Connect Cards,3,60.31,6.23,4,0,80.66,7.46,-20.35,0,6,EASIER,0,-1
Sequence,2,57.27,5.13,5,0,71.13,6.0,-13.86,0,4,SAME,1,0
Sequence,1,100.0,4.53,0,0,72.08,5.34,27.92,0,3,HARDER,2,1
N-Back,4,86.63,3.42,0,0,75.84,3.6,10.79,0,2,HARDER,2,1
Memory Association,2,58.61,6.86,2,0,77.21,7.3,-18.6,0,1,SAME,1,0
Sequence,2,49.61,6.41,4,0,50.65,4.39,-1.04,1,1,EASIER,0,-1
Sequence,1,98.82,5.5,1,0,57.68,5.27,41.14,0,2,HARDER,2,1
Connect Cards,3,65.32,6.2,6,2,61.94,8.2,3.38,1,4,EASIER,0,-1
N-Back,2,90.48,3.9,1,0,59.37,4.85,31.11,0,2,HARDER,2,1
Face Recognition,2,86.04,4.97,3,0,65.65,5.39,20.39,0,2,HARDER,2,1
Connect Cards,1,85.68,5.33,1,0,39.67,6.47,46.01,0,1,HARDER,2,1
Connect Cards,2,80.8,5.78,1,0,61.77,5.68,19.03,0,3,SAME,1,0
Connect Cards,3,57.38,6.07,6,0,83.33,7.76,-25.95,0,3,EASIER,0,-1
Memory Association,1,96.35,6.72,0,1,89.94,7.11,6.41,0,2,HARDER,2,1
Sequence,3,91.18,5.2,1,0,83.5,5.31,7.68,0,2,HARDER,2,1
N-Back,3,44.67,5.37,5,0,54.03,4.63,-9.36,1,1,EASIER,0,-1
Face Recognition,2,40.23,5.52,8,0,42.5,6.09,-2.27,2,1,EASIER,0,-1
Face Recognition,1,74.0,5.03,3,0,60.49,5.03,13.51,0,3,SAME,1,0
Connect Cards,3,66.45,5.92,5,0,97.77,6.71,-31.32,0,4,EASIER,0,-1
Face Recognition,2,79.58,4.76,2,0,80.59,4.67,-1.01,0,3,SAME,1,0
Connect Cards,2,60.45,7.13,4,2,63.94,6.27,-3.49,1,4,EASIER,0,-1
Memory Association,1,87.77,6.11,2,0,71.28,7.43,16.49,0,3,HARDER,2,1
Memory Association,2,54.68,8.02,5,1,75.17,8.32,-20.49,0,2,EASIER,0,-1
Connect Cards,1,59.05,5.65,7,0,57.6,6.72,1.45,0,5,SAME,1,0
Face Recognition,3,63.42,3.98,5,0,94.74,4.05,-31.32,0,4,EASIER,0,-1
Memory Association,1,82.16,7.84,0,0,75.83,7.93,6.33,0,3,HARDER,2,1
Face Recognition,4,90.97,6.39,0,0,90.42,6.34,0.55,0,1,HARDER,2,1
Connect Cards,3,62.23,6.24,4,3,64.71,6.47,-2.48,1,4,EASIER,0,-1
Connect Cards,2,83.44,5.35,1,0,69.99,5.06,13.45,0,4,SAME,1,0
Memory Association,3,88.85,6.27,1,0,83.94,5.5,4.91,0,3,SAME,1,0
Face Recognition,1,92.58,5.17,0,0,77.35,4.67,15.23,0,4,HARDER,2,1
Face Recognition,1,88.69,5.45,2,0,74.23,5.42,14.46,0,2,SAME,1,0
Memory Association,2,60.81,6.08,5,0,68.08,6.7,-7.27,0,3,SAME,1,0
Face Recognition,3,56.6,3.81,5,0,89.8,3.71,-33.2,0,4,EASIER,0,-1
Connect Cards,2,43.66,5.81,9,0,73.85,5.49,-30.19,1,4,EASIER,0,-1
Sequence,2,93.77,6.04,0,0,59.83,6.8,33.94,0,1,HARDER,2,1
Sequence,1,51.77,6.43,7,0,58.84,5.33,-7.07,0,2,SAME,1,0
N-Back,2,86.67,3.91,0,0,59.76,3.78,26.91,0,8,HARDER,2,1
Face Recognition,3,48.79,6.9,7,0,48.79,6.9,0.0,1,0,EASIER,0,-1
N-Back,2,86.23,3.52,0,0,70.14,4.46,16.09,0,4,HARDER,2,1
Sequence,1,90.25,3.27,1,0,90.25,3.27,0.0,0,0,HARDER,2,1
Sequence,3,64.29,6.55,5,1,74.32,6.61,-10.03,0,0,EASIER,0,-1
Sequence,2,48.9,6.28,5,0,48.9,6.28,0.0,1,0,EASIER,0,-1
Memory Association,1,58.88,7.45,2,0,70.48,8.14,-11.6,0,6,SAME,1,0
N-Back,2,81.44,3.08,2,0,57.4,3.29,24.04,0,2,HARDER,2,1
Face Recognition,1,83.72,5.94,2,0,79.52,5.08,4.2,0,3,SAME,1,0
Connect Cards,2,24.33,7.17,7,2,44.41,6.85,-20.08,2,3,EASIER,0,-1
Memory Association,1,78.17,7.08,2,0,86.56,8.06,-8.39,0,2,SAME,1,0
Face Recognition,1,51.15,5.03,5,0,60.53,5.66,-9.38,0,3,SAME,1,0
Sequence,2,78.88,4.36,3,0,50.74,4.57,28.14,0,2,SAME,1,0
Connect Cards,1,92.94,5.18,1,0,92.94,5.18,0.0,0,0,HARDER,2,1
Memory Association,2,69.87,7.81,3,0,73.63,6.53,-3.76,0,4,SAME,1,0
Face Recognition,3,45.96,5.78,8,2,45.96,5.78,0.0,1,0,EASIER,0,-1
Connect Cards,2,69.86,6.01,5,0,90.15,5.15,-20.29,0,2,EASIER,0,-1
N-Back,3,66.95,3.77,2,0,68.93,4.24,-1.98,0,2,SAME,1,0
Memory Association,2,75.0,8.57,2,2,87.93,6.13,-12.93,1,1,EASIER,0,-1
Memory Association,1,58.43,8.46,6,0,67.8,8.48,-9.37,0,4,SAME,1,0
Sequence,3,60.9,6.14,6,0,92.69,6.01,-31.79,0,5,EASIER,0,-1
Connect Cards,3,60.42,5.98,3,1,73.04,4.51,-12.62,0,1,EASIER,0,-1
Connect Cards,1,90.83,5.31,1,0,84.56,5.27,6.27,0,5,HARDER,2,1
Sequence,1,81.97,6.14,1,0,57.05,6.15,24.92,0,1,HARDER,2,1
Memory Association,1,52.84,7.69,6,2,44.61,10.32,8.23,2,4,SAME,1,0
N-Back,3,58.64,3.69,5,0,77.31,4.36,-18.67,0,6,SAME,1,0
Face Recognition,1,97.11,5.52,0,0,70.17,4.82,26.94,0,3,HARDER,2,1
N-Back,3,72.12,3.64,3,0,74.18,3.99,-2.06,0,3,SAME,1,0
N-Back,4,63.24,3.81,4,0,86.72,3.57,-23.48,0,4,EASIER,0,-1
N-Back,2,80.13,4.3,2,0,90.02,3.83,-9.89,0,1,SAME,1,0
Sequence,2,35.9,6.46,8,3,69.7,6.77,-33.8,1,6,EASIER,0,-1
Connect Cards,1,49.06,6.93,6,0,59.87,4.86,-10.81,1,2,SAME,1,0
Memory Association,3,76.38,10.44,5,2,89.41,9.27,-13.03,1,4,EASIER,0,-1
Face Recognition,1,100.0,3.58,2,0,74.06,3.38,25.94,0,1,HARDER,2,1
Sequence,2,58.09,5.71,5,1,69.98,5.59,-11.89,0,0,EASIER,0,-1
Face Recognition,2,77.45,4.0,3,0,73.46,3.99,3.99,0,1,SAME,1,0
Memory Association,3,80.53,7.46,3,0,83.64,5.85,-3.11,0,1,SAME,1,0
Connect Cards,1,87.67,5.77,3,0,70.66,6.47,17.01,0,2,HARDER,2,1
N-Back,1,91.59,4.33,0,0,71.04,3.71,20.55,0,5,HARDER,2,1
Face Recognition,1,83.61,5.31,2,0,83.72,5.94,-0.11,0,4,SAME,1,0
N-Back,1,87.97,4.34,1,0,62.02,4.09,25.95,0,4,SAME,1,0
Face Recognition,1,96.55,5.3,1,0,77.69,4.87,18.86,0,2,HARDER,2,1
Connect Cards,1,90.96,5.13,0,0,76.71,5.15,14.25,0,1,HARDER,2,1
Memory Association,2,36.95,7.71,7,2,87.19,7.84,-50.24,1,3,EASIER,0,-1
N-Back,2,92.04,3.47,1,0,83.86,2.76,8.18,0,2,HARDER,2,1
N-Back,1,78.92,3.83,4,0,66.12,4.6,12.8,0,3,SAME,1,0
Face Recognition,3,100.0,4.99,1,0,79.48,4.85,20.52,0,4,HARDER,2,1
Face Recognition,2,60.68,4.02,3,0,82.18,3.52,-21.5,0,2,EASIER,0,-1
Memory Association,2,67.96,7.67,5,0,92.84,6.54,-24.88,0,1,EASIER,0,-1
N-Back,3,63.91,3.82,3,0,75.67,3.63,-11.76,0,4,SAME,1,0
N-Back,3,55.24,5.62,5,2,55.24,5.62,0.0,1,0,EASIER,0,-1
Sequence,3,38.15,7.7,10,2,60.66,6.62,-22.51,1,3,EASIER,0,-1
Face Recognition,2,74.48,5.1,3,0,63.43,5.88,11.05,0,6,SAME,1,0
Connect Cards,1,87.61,5.66,1,0,70.64,6.11,16.97,0,2,HARDER,2,1
Sequence,1,74.48,4.59,3,0,66.85,5.52,7.63,0,2,SAME,1,0
N-Back,2,97.3,3.37,0,0,74.07,4.15,23.23,0,4,HARDER,2,1
Memory Association,1,95.07,6.56,0,0,70.68,5.96,24.39,0,5,HARDER,2,1
Connect Cards,2,61.79,5.47,6,1,72.24,5.13,-10.45,0,1,EASIER,0,-1
Face Recognition,2,36.41,5.4,6,1,46.75,6.21,-10.34,2,1,EASIER,0,-1
Memory Association,2,91.59,7.49,1,1,83.91,8.4,7.68,0,6,HARDER,2,1
Memory Association,2,54.55,6.54,6,1,67.55,7.48,-13.0,0,0,EASIER,0,-1
Face Recognition,2,34.44,7.06,5,2,44.4,7.49,-9.96,2,1,EASIER,0,-1
Face Recognition,1,95.37,4.57,0,0,52.41,3.54,42.96,0,4,HARDER,2,1
Memory Association,1,58.75,6.18,3,0,57.25,5.88,1.5,0,3,SAME,1,0
Connect Cards,2,81.42,4.98,2,0,61.42,6.2,20.0,0,3,HARDER,2,1
Sequence,2,51.12,6.18,8,0,72.14,6.34,-21.02,0,1,EASIER,0,-1
Face Recognition,2,56.41,4.65,3,0,79.85,4.87,-23.44,0,2,EASIER,0,-1
Face Recognition,2,71.19,4.59,5,0,74.93,5.51,-3.74,0,4,SAME,1,0
N-Back,2,60.96,5.12,3,0,82.33,4.19,-21.37,0,8,EASIER,0,-1
Memory Association,2,88.0,6.66,0,0,72.25,7.26,15.75,0,5,HARDER,2,1
Connect Cards,1,64.02,6.17,3,0,51.09,6.11,12.93,0,0,SAME,1,0
Sequence,3,59.83,6.8,2,0,80.7,5.58,-20.87,0,0,EASIER,0,-1
Sequence,2,56.46,5.29,7,1,56.0,6.09,0.46,0,3,SAME,1,0
Sequence,2,75.29,5.41,4,0,77.75,5.19,-2.46,0,2,SAME,1,0
Connect Cards,2,64.43,5.92,4,0,85.88,5.83,-21.45,0,1,EASIER,0,-1
Sequence,1,73.72,5.76,3,0,34.19,6.98,39.53,0,1,SAME,1,0
Connect Cards,1,80.16,5.81,3,0,69.66,7.27,10.5,0,3,SAME,1,0
Connect Cards,2,42.54,6.53,5,0,68.43,6.09,-25.89,1,4,EASIER,0,-1
N-Back,3,66.36,5.45,4,0,91.89,3.95,-25.53,0,3,EASIER,0,-1
Memory Association,2,68.91,7.85,4,3,87.2,7.47,-18.29,1,5,EASIER,0,-1
N-Back,2,44.98,4.65,7,0,57.31,4.35,-12.33,1,2,EASIER,0,-1
Face Recognition,2,94.74,4.05,0,0,91.59,4.09,3.15,0,3,HARDER,2,1
Memory Association,2,64.81,6.43,5,1,90.53,5.55,-25.72,0,3,EASIER,0,-1
N-Back,1,98.62,3.3,1,0,65.62,3.08,33.0,0,1,HARDER,2,1
N-Back,1,82.2,3.44,3,0,82.2,3.44,0.0,0,0,SAME,1,0
Memory Association,2,93.27,6.03,0,0,68.4,5.84,24.87,0,2,HARDER,2,1
Face Recognition,2,57.15,5.49,5,0,81.84,4.39,-24.69,0,3,EASIER,0,-1
Memory Association,2,61.92,7.75,5,1,83.06,6.51,-21.14,0,5,EASIER,0,-1
Connect Cards,1,91.24,5.22,0,0,68.73,6.15,22.51,0,1,HARDER,2,1
Face Recognition,3,49.57,6.02,5,1,76.3,4.45,-26.73,1,2,EASIER,0,-1
Sequence,2,100.0,5.37,0,0,71.06,4.72,28.94,0,2,HARDER,2,1
Connect Cards,1,81.78,6.12,0,0,74.14,6.33,7.64,0,3,HARDER,2,1
Connect Cards,3,40.5,9.42,10,0,53.46,6.87,-12.96,1,3,EASIER,0,-1
Connect Cards,2,96.37,5.52,1,0,81.81,5.66,14.56,0,4,HARDER,2,1
N-Back,3,56.7,3.94,4,0,87.69,3.55,-30.99,0,4,EASIER,0,-1
Connect Cards,3,90.3,5.15,1,0,79.19,6.09,11.11,0,1,HARDER,2,1
Memory Association,4,83.52,5.6,0,0,82.58,5.62,0.94,0,2,SAME,1,0
N-Back,1,98.76,3.85,1,0,71.91,4.78,26.85,0,4,HARDER,2,1
Face Recognition,3,58.51,4.93,5,0,78.68,4.55,-20.17,0,1,EASIER,0,-1
Face Recognition,1,68.33,4.98,0,0,38.64,6.0,29.69,0,3,HARDER,2,1
Connect Cards,1,85.68,4.95,1,0,56.71,5.45,28.97,0,2,HARDER,2,1
N-Back,2,61.97,4.61,6,0,84.91,4.02,-22.94,0,2,EASIER,0,-1
Face Recognition,1,91.57,5.43,1,0,89.26,5.52,2.31,0,2,HARDER,2,1
N-Back,2,60.61,3.74,4,0,82.75,3.4,-22.14,0,1,EASIER,0,-1
Memory Association,1,75.03,8.63,2,1,74.97,8.88,0.06,0,2,SAME,1,0
Sequence,2,59.4,5.0,3,0,82.15,5.37,-22.75,0,1,EASIER,0,-1
Connect Cards,2,83.31,5.91,3,0,84.83,4.6,-1.52,0,1,SAME,1,0
Connect Cards,1,97.8,4.12,2,0,88.5,4.29,9.3,0,4,HARDER,2,1
Face Recognition,3,47.99,4.44,10,0,70.5,3.95,-22.51,1,3,EASIER,0,-1
Sequence,1,68.24,6.57,3,0,69.13,5.52,-0.89,0,2,SAME,1,0
Sequence,2,53.08,4.26,4,0,89.14,5.27,-36.06,0,5,EASIER,0,-1
Memory Association,1,80.75,7.22,2,0,79.63,8.26,1.12,0,3,SAME,1,0
Memory Association,1,60.52,7.71,5,0,73.86,7.62,-13.34,0,4,SAME,1,0
Face Recognition,2,93.84,3.46,0,0,83.04,3.19,10.8,0,2,HARDER,2,1
Connect Cards,4,55.68,7.74,5,1,80.03,5.77,-24.35,0,6,EASIER,0,-1
Face Recognition,1,54.64,4.28,6,0,65.93,4.2,-11.29,0,4,SAME,1,0
N-Back,3,72.87,4.5,4,0,62.06,4.76,10.81,0,4,SAME,1,0
Memory Association,2,79.88,9.31,2,0,75.66,8.26,4.22,0,3,SAME,1,0
Connect Cards,1,90.05,5.06,0,0,61.95,5.54,28.1,0,1,HARDER,2,1
N-Back,2,63.3,4.08,5,0,71.22,4.96,-7.92,0,5,SAME,1,0
Connect Cards,1,66.03,4.71,5,0,42.91,6.48,23.12,0,3,SAME,1,0
Connect Cards,2,83.54,5.41,2,0,52.57,5.67,30.97,0,2,HARDER,2,1
Face Recognition,2,58.77,4.5,5,0,83.6,5.13,-24.83,0,4,EASIER,0,-1
Memory Association,3,63.89,7.99,5,2,53.54,8.31,10.35,1,2,EASIER,0,-1
Sequence,1,84.79,5.45,2,0,51.12,6.18,33.67,0,2,HARDER,2,1
N-Back,1,85.35,3.64,1,0,62.38,3.78,22.97,0,3,HARDER,2,1
Memory Association,1,82.9,7.73,4,0,61.13,9.2,21.77,0,1,HARDER,2,1
Face Recognition,1,85.76,4.51,3,0,66.38,5.43,19.38,0,2,HARDER,2,1
Connect Cards,2,69.83,4.36,2,0,74.41,5.16,-4.58,0,2,SAME,1,0
Connect Cards,2,69.66,7.27,5,1,90.96,5.9,-21.3,0,6,EASIER,0,-1
Connect Cards,1,78.21,5.57,3,0,84.41,7.08,-6.2,0,2,SAME,1,0
Face Recognition,2,79.24,4.49,0,0,58.79,5.18,20.45,0,2,HARDER,2,1
N-Back,2,60.56,3.42,6,0,89.13,3.26,-28.57,0,5,EASIER,0,-1
Memory Association,1,91.82,6.86,2,1,71.65,8.22,20.17,0,2,HARDER,2,1
Sequence,2,66.81,4.14,4,0,67.97,4.92,-1.16,0,3,SAME,1,0
Sequence,4,62.61,4.45,3,0,87.49,4.23,-24.88,0,2,EASIER,0,-1
Memory Association,1,100.0,5.67,1,0,61.6,5.53,38.4,0,7,HARDER,2,1
Memory Association,1,85.81,6.34,0,0,39.65,8.19,46.16,0,4,HARDER,2,1
Face Recognition,2,50.76,4.49,6,0,85.12,4.11,-34.36,0,4,EASIER,0,-1
N-Back,2,94.07,5.17,0,0,94.07,5.17,0.0,0,0,HARDER,2,1
Face Recognition,1,92.45,4.11,0,0,88.0,4.21,4.45,0,2,HARDER,2,1
Memory Association,2,61.58,7.26,5,1,74.25,6.69,-12.67,0,1,EASIER,0,-1
Memory Association,2,92.6,5.9,1,1,74.71,7.2,17.89,0,2,HARDER,2,1
Connect Cards,1,49.33,6.55,7,1,27.29,7.4,22.04,2,1,SAME,1,0
Memory Association,2,74.98,8.6,4,2,95.88,6.95,-20.9,1,5,EASIER,0,-1
Sequence,2,60.64,4.04,4,0,85.86,4.23,-25.22,0,5,EASIER,0,-1
Face Recognition,1,96.16,4.42,1,0,63.67,4.69,32.49,0,4,HARDER,2,1
Connect Cards,2,81.31,6.1,2,0,87.67,5.77,-6.36,0,3,SAME,1,0
Sequence,2,54.09,6.48,4,0,89.1,4.85,-35.01,0,6,EASIER,0,-1
Memory Association,2,93.09,7.81,3,0,80.33,6.98,12.76,0,5,HARDER,2,1
Connect Cards,2,86.65,5.8,1,0,59.49,6.2,27.16,0,3,HARDER,2,1
Connect Cards,2,81.46,7.4,4,2,100.0,6.56,-18.54,1,6,EASIER,0,-1
Connect Cards,1,62.36,4.65,5,0,68.03,4.88,-5.67,0,3,SAME,1,0
Memory Association,2,76.27,7.27,0,0,97.93,7.2,-21.66,0,3,SAME,1,0
Sequence,2,65.55,5.29,4,0,96.62,4.11,-31.07,0,3,EASIER,0,-1
Memory Association,2,63.19,8.48,5,1,82.57,8.13,-19.38,0,6,EASIER,0,-1
Face Recognition,2,69.14,3.85,4,0,68.71,4.33,0.43,0,6,SAME,1,0
N-Back,1,75.15,3.97,2,0,86.51,4.61,-11.36,0,3,SAME,1,0
Connect Cards,1,78.28,6.81,3,1,64.9,5.84,13.38,0,1,SAME,1,0
Face Recognition,3,91.63,4.0,1,0,75.77,4.3,15.86,0,4,HARDER,2,1
Connect Cards,2,88.45,6.19,1,1,65.76,6.09,22.69,0,3,SAME,1,0
Connect Cards,1,91.79,6.17,0,0,70.08,6.82,21.71,0,2,HARDER,2,1
Sequence,1,83.13,4.56,1,0,80.24,5.87,2.89,0,2,SAME,1,0
N-Back,2,39.52,5.53,7,0,78.43,5.05,-38.91,1,3,EASIER,0,-1
N-Back,1,86.81,3.88,2,0,65.42,4.26,21.39,0,4,HARDER,2,1
N-Back,1,87.97,4.31,4,0,79.97,4.28,8.0,0,2,SAME,1,0
Face Recognition,2,46.98,5.53,6,1,64.45,5.2,-17.47,1,1,EASIER,0,-1
Face Recognition,2,71.66,4.13,3,0,74.64,3.99,-2.98,0,4,SAME,1,0
Face Recognition,1,89.96,4.0,2,0,57.3,4.15,32.66,0,5,HARDER,2,1
Memory Association,1,39.1,8.93,9,2,47.64,7.05,-8.54,2,1,SAME,1,0
Sequence,2,87.3,5.78,1,0,71.66,5.84,15.64,0,3,HARDER,2,1
Sequence,1,47.5,5.36,8,0,82.54,5.59,-35.04,1,3,SAME,1,0
Connect Cards,2,49.57,6.49,7,0,59.54,6.55,-9.97,1,5,EASIER,0,-1
N-Back,2,58.14,3.83,5,0,72.77,3.18,-14.63,0,3,EASIER,0,-1
Memory Association,3,38.21,8.95,10,0,38.21,8.95,0.0,1,0,EASIER,0,-1
Connect Cards,1,63.83,5.6,4,1,68.47,5.25,-4.64,0,1,SAME,1,0
N-Back,2,63.14,5.04,4,0,63.14,5.04,0.0,0,0,SAME,1,0
Memory Association,1,82.91,6.26,2,0,62.81,8.19,20.1,0,3,HARDER,2,1
N-Back,1,84.7,3.09,3,0,51.47,3.62,33.23,0,3,HARDER,2,1
Face Recognition,1,92.28,3.53,2,0,87.99,3.71,4.29,0,2,HARDER,2,1
Connect Cards,1,91.9,6.6,0,0,63.66,5.73,28.24,0,2,HARDER,2,1
Face Recognition,1,81.84,4.39,2,0,54.74,5.69,27.1,0,3,HARDER,2,1
N-Back,2,100.0,3.49,0,0,100.0,3.49,0.0,0,0,HARDER,2,1
Connect Cards,1,83.4,4.8,2,0,66.47,5.05,16.93,0,3,HARDER,2,1
Connect Cards,1,96.53,4.97,1,0,82.93,4.58,13.6,0,3,HARDER,2,1
N-Back,2,57.27,4.08,4,0,55.16,3.52,2.11,0,3,SAME,1,0
Memory Association,1,90.53,5.55,1,0,81.67,5.83,8.86,0,3,HARDER,2,1
Face Recognition,1,90.65,4.81,2,0,67.2,3.77,23.45,0,4,HARDER,2,1
Sequence,3,56.84,6.23,6,0,79.32,5.48,-22.48,0,2,EASIER,0,-1
Sequence,2,69.82,6.52,4,0,32.55,7.19,37.27,0,2,SAME,1,0
Memory Association,1,73.75,6.86,3,0,73.43,7.63,0.32,0,1,SAME,1,0
Face Recognition,1,99.12,5.28,0,0,82.77,4.84,16.35,0,5,HARDER,2,1
Sequence,2,92.86,5.4,2,0,70.5,5.72,22.36,0,2,HARDER,2,1
N-Back,1,75.09,3.7,3,0,65.55,4.42,9.54,0,2,SAME,1,0
N-Back,1,81.68,4.32,2,0,35.45,5.03,46.23,0,1,HARDER,2,1
Face Recognition,2,38.04,6.95,6,0,82.42,4.48,-44.38,1,1,EASIER,0,-1
Memory Association,4,57.05,9.4,5,1,63.47,9.13,-6.42,0,2,SAME,1,0
Face Recognition,2,39.51,5.23,8,0,67.23,4.11,-27.72,1,3,EASIER,0,-1
Sequence,1,71.88,5.72,3,0,56.22,5.92,15.66,0,1,SAME,1,0
Sequence,3,60.1,5.57,3,0,100.0,5.37,-39.9,0,3,EASIER,0,-1
Connect Cards,2,81.24,5.15,3,0,65.45,6.44,15.79,0,3,HARDER,2,1
N-Back,1,94.04,3.65,1,0,62.32,3.56,31.72,0,7,HARDER,2,1
Sequence,4,58.08,4.79,6,0,92.16,5.38,-34.08,0,3,EASIER,0,-1
Connect Cards,3,92.38,6.34,1,0,67.68,6.25,24.7,0,1,HARDER,2,1
Memory Association,4,34.29,6.62,4,0,53.23,6.13,-18.94,1,3,EASIER,0,-1
Connect Cards,1,47.68,6.65,4,1,74.74,5.27,-27.06,1,3,SAME,1,0
Sequence,2,44.21,5.22,8,2,53.59,6.25,-9.38,1,3,EASIER,0,-1
Connect Cards,3,47.9,6.42,6,0,65.33,5.26,-17.43,1,1,EASIER,0,-1
Connect Cards,2,77.01,7.08,4,0,79.13,7.03,-2.12,0,4,SAME,1,0
N-Back,3,82.05,5.11,3,0,59.85,5.03,22.2,0,5,SAME,1,0
N-Back,2,78.82,4.86,3,0,69.02,4.0,9.8,0,8,SAME,1,0
Memory Association,2,72.14,8.18,2,2,49.36,9.01,22.78,2,1,SAME,1,0
Face Recognition,2,47.97,6.89,8,1,18.27,6.33,29.7,2,1,EASIER,0,-1
Face Recognition,1,61.12,5.06,3,0,45.66,6.6,15.46,0,0,SAME,1,0
Face Recognition,1,70.55,4.51,3,0,81.04,4.44,-10.49,0,2,SAME,1,0
Connect Cards,1,82.36,4.08,2,0,83.89,4.2,-1.53,0,3,SAME,1,0
Memory Association,3,55.01,8.54,5,2,70.07,8.99,-15.06,1,2,EASIER,0,-1
Face Recognition,3,97.74,4.77,1,0,68.61,3.94,29.13,0,3,HARDER,2,1
Face Recognition,3,65.88,4.04,3,0,55.15,4.75,10.73,0,2,SAME,1,0
N-Back,2,55.21,4.08,5,0,76.48,3.27,-21.27,0,2,EASIER,0,-1
Memory Association,1,67.0,7.05,4,0,68.5,8.63,-1.5,0,1,SAME,1,0
Memory Association,2,73.88,7.63,3,3,70.15,6.04,3.73,1,2,EASIER,0,-1
Connect Cards,3,41.3,9.84,6,0,60.58,8.07,-19.28,1,1,EASIER,0,-1
Face Recognition,3,90.63,5.16,2,0,82.83,5.48,7.8,0,2,HARDER,2,1
Sequence,2,91.51,5.68,1,0,81.17,5.74,10.34,0,4,HARDER,2,1
N-Back,2,91.07,4.52,1,0,68.73,3.87,22.34,0,3,HARDER,2,1
Connect Cards,3,48.67,8.26,7,1,48.67,8.26,0.0,1,0,EASIER,0,-1
Memory Association,1,64.06,6.92,6,0,67.72,6.52,-3.66,0,4,SAME,1,0
Connect Cards,3,61.34,7.36,5,2,62.12,6.75,-0.78,1,3,EASIER,0,-1
Connect Cards,1,80.56,5.88,3,1,59.98,5.5,20.58,0,2,SAME,1,0
Face Recognition,1,50.98,5.25,4,0,58.06,4.55,-7.08,0,4,SAME,1,0
Connect Cards,1,97.0,5.9,0,0,78.11,6.57,18.89,0,2,HARDER,2,1
Memory Association,1,80.56,6.49,2,0,54.75,6.64,25.81,0,6,HARDER,2,1
Sequence,1,48.23,5.81,5,0,32.3,7.13,15.93,3,3,SAME,1,0
Face Recognition,3,64.31,6.2,4,0,94.34,4.89,-30.03,0,4,EASIER,0,-1
Memory Association,4,86.31,5.35,0,0,76.84,6.85,9.47,0,4,HARDER,2,1
Connect Cards,2,60.12,6.49,6,1,89.46,5.36,-29.34,0,2,EASIER,0,-1
Connect Cards,2,71.42,4.94,4,0,67.75,5.73,3.67,0,3,SAME,1,0
Memory Association,1,72.11,7.91,3,0,63.0,6.48,9.11,0,6,SAME,1,0
Face Recognition,2,80.75,4.09,2,0,47.62,5.9,33.13,0,0,HARDER,2,1
Connect Cards,2,62.65,6.6,4,0,60.13,5.97,2.52,0,2,SAME,1,0
N-Back,4,94.05,4.96,0,0,61.38,4.01,32.67,0,1,HARDER,2,1
Sequence,4,98.1,3.95,0,0,87.29,4.27,10.81,0,6,HARDER,2,1
Memory Association,3,65.53,7.14,3,2,83.04,6.52,-17.51,1,4,EASIER,0,-1
Connect Cards,3,59.94,7.14,5,1,100.0,6.91,-40.06,0,4,EASIER,0,-1
Memory Association,3,93.8,6.65,1,0,66.2,7.18,27.6,0,1,HARDER,2,1
Connect Cards,1,90.26,3.74,1,0,90.26,3.74,0.0,0,0,HARDER,2,1
N-Back,2,38.88,4.68,5,0,64.36,4.75,-25.48,1,2,EASIER,0,-1
Memory Association,2,68.82,8.42,4,3,77.44,8.68,-8.62,1,3,SAME,1,0
Memory Association,2,79.71,8.51,2,0,76.73,8.26,2.98,0,5,SAME,1,0
Sequence,3,49.63,5.72,5,0,63.43,4.77,-13.8,1,1,EASIER,0,-1
Face Recognition,1,95.72,4.32,0,0,55.8,4.09,39.92,0,3,HARDER,2,1
Sequence,1,67.47,4.75,2,0,45.7,5.34,21.77,0,4,SAME,1,0
Sequence,2,68.41,4.15,5,0,92.53,4.24,-24.12,0,1,EASIER,0,-1
Sequence,2,66.05,5.81,4,0,88.49,4.61,-22.44,0,4,EASIER,0,-1
N-Back,1,54.98,4.05,7,0,68.72,4.77,-13.74,0,4,SAME,1,0
Memory Association,2,58.39,7.87,3,0,39.1,8.97,19.29,0,1,SAME,1,0
Memory Association,2,91.07,6.58,2,0,73.06,6.44,18.01,0,1,HARDER,2,1
N-Back,1,95.36,4.26,1,0,39.88,5.01,55.48,0,1,HARDER,2,1
N-Back,3,61.72,4.11,3,0,86.09,4.29,-24.37,0,4,EASIER,0,-1
Sequence,1,81.37,5.17,1,0,58.09,5.71,23.28,0,1,HARDER,2,1
Memory Association,2,62.04,7.23,2,2,55.35,7.8,6.69,2,5,EASIER,0,-1
Sequence,3,44.68,6.09,6,0,44.68,6.09,0.0,1,0,EASIER,0,-1
Connect Cards,2,55.58,4.99,4,0,77.43,4.7,-21.85,0,2,EASIER,0,-1
N-Back,3,51.93,3.9,6,0,75.43,3.3,-23.5,0,2,EASIER,0,-1
N-Back,2,64.8,4.0,3,0,72.24,4.22,-7.44,0,3,SAME,1,0
Sequence,2,77.39,4.97,2,0,74.98,4.92,2.41,0,3,SAME,1,0
N-Back,2,93.16,3.41,0,0,83.4,2.97,9.76,0,2,HARDER,2,1
Sequence,2,64.38,5.59,3,0,85.68,6.16,-21.3,0,2,EASIER,0,-1
N-Back,2,83.56,4.64,2,0,70.12,4.83,13.44,0,4,SAME,1,0
N-Back,2,65.92,4.07,4,0,65.51,3.82,0.41,0,7,SAME,1,0
Connect Cards,2,95.56,5.21,2,0,89.8,4.62,5.76,0,2,HARDER,2,1
Connect Cards,1,97.58,6.34,1,0,85.37,6.24,12.21,0,4,HARDER,2,1
N-Back,2,68.35,3.05,5,0,98.55,3.0,-30.2,0,2,EASIER,0,-1
Connect Cards,1,40.18,7.74,7,1,74.69,5.31,-34.51,1,4,SAME,1,0
N-Back,1,81.53,3.87,2,0,70.95,4.53,10.58,0,7,SAME,1,0
Face Recognition,1,44.88,5.66,8,1,40.71,6.51,4.17,3,2,SAME,1,0
N-Back,2,93.6,3.1,0,0,86.28,2.62,7.32,0,2,HARDER,2,1
Memory Association,3,58.82,9.36,3,2,57.02,7.42,1.8,1,2,EASIER,0,-1
Memory Association,2,80.71,6.3,1,0,100.0,7.0,-19.29,0,5,SAME,1,0
Sequence,2,70.15,5.18,5,0,92.12,5.16,-21.97,0,2,EASIER,0,-1
Memory Association,2,50.68,5.76,6,2,65.2,6.22,-14.52,1,1,EASIER,0,-1
Face Recognition,1,72.09,5.27,4,0,79.75,4.63,-7.66,0,5,SAME,1,0
Sequence,2,52.18,5.77,5,0,93.95,5.11,-41.77,0,5,EASIER,0,-1
Memory Association,2,59.32,9.26,3,1,94.77,7.57,-35.45,0,2,EASIER,0,-1
Face Recognition,2,79.57,5.53,1,1,92.58,5.17,-13.01,0,5,SAME,1,0
Connect Cards,3,44.74,8.72,4,1,89.67,6.73,-44.93,1,5,EASIER,0,-1
N-Back,2,49.26,4.98,4,0,87.42,4.15,-38.16,1,5,EASIER,0,-1
Sequence,1,81.24,5.61,1,0,19.17,6.19,62.07,0,1,HARDER,2,1
Connect Cards,1,68.66,4.98,2,0,56.29,5.23,12.37,0,4,SAME,1,0
Sequence,1,87.54,4.71,1,0,66.05,5.81,21.49,0,5,HARDER,2,1
N-Back,2,77.32,4.14,4,0,71.25,5.01,6.07,0,2,SAME,1,0
Connect Cards,2,41.76,6.05,5,0,46.38,6.6,-4.62,2,2,EASIER,0,-1
N-Back,2,57.08,4.43,5,0,81.39,4.07,-24.31,0,6,EASIER,0,-1
Face Recognition,2,100.0,5.67,0,0,81.09,6.0,18.91,0,2,HARDER,2,1
Face Recognition,3,57.68,5.97,7,0,78.08,4.79,-20.4,0,4,EASIER,0,-1
Memory Association,4,53.23,6.13,3,0,68.51,6.76,-15.28,0,3,SAME,1,0
Connect Cards,3,98.26,5.94,1,0,66.8,6.63,31.46,0,3,HARDER,2,1
N-Back,1,91.65,3.83,2,0,87.64,4.05,4.01,0,1,HARDER,2,1
Memory Association,2,87.52,7.98,2,1,83.8,7.32,3.72,0,4,SAME,1,0
Connect Cards,2,54.96,4.35,3,0,50.23,4.64,4.73,0,5,SAME,1,0
Sequence,3,90.48,4.68,2,0,75.26,4.82,15.22,0,1,HARDER,2,1
Face Recognition,1,100.0,3.89,0,0,73.26,4.19,26.74,0,2,HARDER,2,1
Connect Cards,1,50.09,5.99,7,1,67.09,5.1,-17.0,0,6,SAME,1,0
Face Recognition,1,53.95,4.22,5,0,54.71,3.9,-0.76,0,8,SAME,1,0
Memory Association,1,82.98,7.08,3,0,58.07,8.32,24.91,0,4,HARDER,2,1
Sequence,1,80.31,5.85,3,0,55.63,6.31,24.68,0,0,HARDER,2,1
Memory Association,2,42.09,8.39,3,0,57.81,7.1,-15.72,1,3,EASIER,0,-1
Memory Association,1,83.5,7.93,3,2,64.39,9.38,19.11,1,1,SAME,1,0
Connect Cards,2,90.9,5.82,3,0,84.42,5.25,6.48,0,1,HARDER,2,1
Connect Cards,1,81.11,6.73,3,0,65.64,5.15,15.47,0,3,SAME,1,0
Face Recognition,2,89.54,3.84,0,0,81.3,4.28,8.24,0,2,HARDER,2,1
N-Back,2,58.17,4.17,5,0,81.1,3.82,-22.93,0,2,EASIER,0,-1
Memory Association,3,57.61,7.99,5,0,80.9,7.82,-23.29,0,2,EASIER,0,-1
Face Recognition,4,81.74,4.67,1,0,85.78,4.06,-4.04,0,1,SAME,1,0
Memory Association,1,81.6,7.48,2,0,77.12,9.34,4.48,0,4,SAME,1,0
Memory Association,2,62.9,7.18,6,1,77.96,5.8,-15.06,0,7,EASIER,0,-1
Face Recognition,2,40.27,5.07,5,0,81.54,3.7,-41.27,1,5,EASIER,0,-1
Memory Association,2,76.14,7.59,4,0,76.14,7.59,0.0,0,0,SAME,1,0
Sequence,2,75.28,5.22,4,0,75.28,5.22,0.0,0,0,SAME,1,0
Face Recognition,3,64.99,3.97,4,0,92.47,3.61,-27.48,0,4,EASIER,0,-1
Connect Cards,1,76.71,5.15,3,0,81.88,5.94,-5.17,0,1,SAME,1,0
Sequence,3,37.2,5.67,10,0,71.62,5.16,-34.42,1,2,EASIER,0,-1
Memory Association,3,61.9,8.82,6,2,77.78,8.17,-15.88,1,2,EASIER,0,-1
Memory Association,2,70.37,9.83,4,1,82.01,8.4,-11.64,0,3,SAME,1,0
Memory Association,3,74.58,9.8,5,2,64.04,9.06,10.54,1,1,EASIER,0,-1
Sequence,1,52.16,4.88,5,0,54.67,4.23,-2.51,0,1,SAME,1,0
Memory Association,2,58.59,7.36,7,1,82.71,5.96,-24.12,0,4,EASIER,0,-1
N-Back,4,91.16,3.84,0,0,82.48,4.6,8.68,0,3,HARDER,2,1
Connect Cards,2,56.75,5.01,3,0,80.78,4.13,-24.03,0,2,EASIER,0,-1
Connect Cards,3,61.64,5.56,5,0,76.98,5.92,-15.34,0,2,SAME,1,0
Face Recognition,3,51.21,5.92,9,0,69.27,6.37,-18.06,0,2,SAME,1,0
N-Back,3,64.79,5.72,5,0,76.4,4.4,-11.61,0,3,EASIER,0,-1
Connect Cards,3,83.48,4.87,3,0,52.82,5.31,30.66,0,6,HARDER,2,1
Connect Cards,3,61.87,5.63,5,0,90.74,6.06,-28.87,0,5,EASIER,0,-1
Connect Cards,3,84.58,6.41,2,0,84.58,6.41,0.0,0,0,SAME,1,0
Sequence,1,52.35,4.66,7,0,48.23,5.81,4.12,0,2,SAME,1,0
Sequence,1,55.91,4.51,5,0,52.26,4.46,3.65,0,0,SAME,1,0
Memory Association,2,53.66,5.86,5,1,70.85,6.04,-17.19,0,3,EASIER,0,-1
Sequence,2,49.3,6.17,5,1,79.6,5.5,-30.3,1,6,EASIER,0,-1
Sequence,2,73.38,6.87,3,1,77.91,5.79,-4.53,0,4,SAME,1,0
Connect Cards,2,56.43,5.55,4,0,44.72,6.36,11.71,0,1,SAME,1,0
Face Recognition,1,90.44,4.78,0,0,86.83,4.37,3.61,0,5,HARDER,2,1
Connect Cards,2,90.92,7.64,1,1,62.74,6.67,28.18,0,1,HARDER,2,1
N-Back,3,95.32,5.22,0,0,64.69,4.8,30.63,0,2,HARDER,2,1
Connect Cards,2,58.39,6.31,5,0,81.74,6.19,-23.35,0,3,EASIER,0,-1
Memory Association,2,49.02,8.86,8,0,60.06,7.78,-11.04,1,2,EASIER,0,-1
Connect Cards,1,56.12,5.68,4,0,56.25,5.2,-0.13,0,5,SAME,1,0
N-Back,2,81.13,4.57,2,0,77.43,3.5,3.7,0,3,SAME,1,0
N-Back,2,48.52,4.65,4,0,28.99,5.37,19.53,2,1,EASIER,0,-1
Face Recognition,2,50.43,4.82,5,0,84.91,5.51,-34.48,0,2,EASIER,0,-1
Connect Cards,3,92.26,5.9,1,0,69.37,4.65,22.89,0,1,HARDER,2,1
Sequence,1,82.94,4.46,3,0,59.88,4.59,23.06,0,2,HARDER,2,1
Memory Association,2,54.77,6.78,7,0,64.33,7.77,-9.56,0,2,SAME,1,0
Connect Cards,1,93.31,4.85,2,0,82.36,4.08,10.95,0,3,HARDER,2,1
N-Back,3,94.98,3.71,2,0,70.67,4.29,24.31,0,2,HARDER,2,1
Connect Cards,1,82.95,5.83,1,0,83.85,6.09,-0.9,0,2,SAME,1,0
